;marca;preco
0;Cadeira Gamer KBM! GAMING Tempest CG600, Preta, Com Almofadas, Descanso Para Pernas Retrátil, Reclinável - KGCG600PT;R$ 759,99
1;Cadeira Gamer KBM! GAMING Tempest CG600, Branco, Com Almofadas, Descanso Para Pernas Retrátil, Reclinável - KGCG600BR;R$ 759,99
2;Cadeira Gamer KBM! GAMING Tempest CG500 Preta Com Almofadas, Descanso Para Pernas Retrátil, Reclinável - KGCG500PT;R$ 659,99
3;Cadeira Gamer Prizi JX-1039B, até 120 kg, com Almofadas na lombar e pescoço, Azul;R$ 429,90
4;Cadeira Gamer KBM! GAMING Tempest CG600, Preta e Vermelho, Com Almofadas, Descanso Para Pernas Retrátil, Reclinável - KGCG600PTVM;R$ 744,99
5;Cadeira Gamer KBM! GAMING Tempest CG500, Preta e Branco, Com Almofadas, Descanso Para Pernas Retrátil, Reclinável - KGCG500PTBR;R$ 626,99
6;Cadeira Gamer KBM! GAMING Tempest CG500 Preta e Roxa, Com Almofadas, Descanso Para Pernas Retrátil, Reclinável - KGCG500PTRX;R$ 609,99
7;Cadeira Gamer Mymax MX5, Até 150kg, Com Almofadas, Reclinável, Descanso de Braço 2D, Preto - MGCH-MX5/BK;R$ 639,99
8;Cadeira Gamer Husky Gaming Blizzard, Preto, Com Almofadas, Reclinável, Descanso de Braço 2D - HGMA005;R$ 614,99
9;Cadeira Gamer KBM! GAMING Tempest CG600, Cinza Claro, Com Almofadas, Descanso Para Pernas Retrátil, Reclinável - KGCG600CZ;R$ 744,99
10;Cadeira Gamer ThunderX3 TGC12, Até 120kg, com Almofadas, Reclinável, Preto;R$ 1.069,99
11;Cadeira Gamer Alpha Gamer Nebula Fabric, Até 150 kg, Apoio de Braço 4D, Reclinável, Cinza - AGNEBULA;R$ 978,26
12;Cadeira Gamer KBM! GAMING Tempest CG500, Preta e Azul, Com Almofadas, Descanso Para Pernas Retrátil, Reclinável - KGCG500PTAZ;R$ 609,99
13;Cadeira Gamer Alpha Gamer Vega, Preto, Reclinável, com Almofadas, Cilindro de Gás Classe 4;R$ 689,99
14;Cadeira Gamer Falcon, RGB, Com inclinação multifuncional até 130° -  jx-1039rgb;R$ 529,90
15;Cadeira Gamer Prizi, Amarela, Com Almofadas - JX-1039Y;R$ 429,90
16;Cadeira Gamer Husky Gaming Blizzard, Preto e Vermelho, Com Almofadas, Reclinável, Descanso de Braço 2D - HBL-BR;R$ 589,99
17;Cadeira Gamer XT Racer Viking Series, Até 120kg, Com Almofadas e Apoio de Pés, Reclinável, Descanso de Braço 3D, Preto - XTR-018;R$ 989,99
18;Cadeira Gamer XT Racer Platinum W Series, Até 120kg, Com Almofadas, Reclinável, Descanso de Braço 3D, Preto - XTR-010;R$ 1.199,99
19;Cadeira Gamer Corsair T3 Rush 2023, Até 120Kg, Com Almofadas, Reclinável, Apoio de Braços 4D, Preto e Cinza - CF-9010057-WW;R$ 1.299,99
20;Cadeira Gamer DT3 Nero, Até 140kg, com Almofada, Reclinável, Braço 4D, Cilindro de Gás Classe 4, Preto - 13747-2;R$ 1.289,99
21;Cadeira Gamer PCYes Mad Racer V8 Turbo, Black - V8TBMADPT;R$ 1.049,99
22;Cadeira Gamer Alpha Gamer Nebula XL Fabric, Até 150 kg, Apoio de Braço 4D, Reclinável, Cinza - AGNEBULAXL;R$ 1.159,99
23;Cadeira Gamer Mymax MX1, Peso Suportado até 120Kg, Giratória, Preto - mgch-8131/bk;R$ 509,15
24;Cadeira Gamer DT3 Nero XL, Até 160Kg, Com Almofada, Descanso de Braço 4D, Preto - 13634-7;R$ 1.459,99
25;Cadeira Gamer Husky Gaming Snow, Preto e Branco, Cilindro de Gás Classe 4, Base em Metal, Roda em Nylon - HSN-BW;R$ 439,99
26;Cadeira Gamer Husky Gaming Blizzard RGB, Preto, Luz RGB, Com Almofadas, Reclinável - HBL-RGB;R$ 769,99
27;Cadeira Gamer Mymax Mx5 ,Peso Suportado até 150Kg, Giratória, Preto;R$ 594,15
28;Cadeira Gamer XT Racer Defender, Até 120kg, Com Almofadas, Reclinável, Descanso de Braço 3D, Preto - XTR-034;R$ 889,99
29;Cadeira Gamer Mymax MX5, Até 150kg, Com Almofadas, Reclinável, Descanso de Braço 2D, Preto e Azul - MGCH-MX5/BL;R$ 639,99
30;Cadeira Gamer Husky Gaming Hailstorm, Preto e Vermelho, Com Almofadas, Reclinável, Descanso de Braço 2D - HHA-BR;R$ 749,99
31;Cadeira Gamer Husky Gaming Hailstorm, Preto e Azul, Com Almofadas, Reclinável, Descanso de Braço 2D - HHA-BB;R$ 679,99
32;Cadeira Gamer DT3 Sports Rhino Fabric, com Almofada, Reclinável, Apoio de Braço 4D, Cool Black - 13292-7;R$ 2.499,99
33;Cadeira Gamer Husky Gaming Snow, Preto, Cilindro de Gás Classe 4, Base em Metal, Roda em Nylon - HSN-BK;R$ 459,99
34;Cadeira Gamer ThunderX3 TGC12, Até 120kg, Com Almofadas, Descanso de Braço 2D, Preto e Azul;R$ 989,99
35;Cadeira Gamer DT3 Elise, Até 130 Kg, com Almofadas, Reclinável, Preto - 13436-7;R$ 989,99
36;Cadeira Gamer XT Racer Platinum W Style, Até 120kg, Regulagem em três dimensões, Sistema Relax, Preto - XTR-070;R$ 1.399,99
37;Cadeira Gamer Corsair TC100 Relaxed Fabric, Até 120Kg, Com Almofadas, Reclinável, Cilindro de Gás Classe 4, Preto e Cinza - CF-9010052-WW;R$ 989,99
38;Cadeira Gamer ThunderX3 TGC12, Preto e Vermelho, Reclinável, com Almofadas, Cilindro de Gás Classe 4;R$ 929,99
39;Cadeira Gamer Corsair T3 Rush 2023, Até 120Kg, Com Almofadas, Reclinável, Apoio de Braços 4D, Cinza e Preto - CF-9010056-WW;R$ 1.299,99
40;Cadeira Gamer Husky Gaming Storm, Preto e Azul, Com Almofadas, Reclinável, Descanso de Braço 2D - HST-BB;R$ 634,99
41;Cadeira Gamer XT Racer Speed Series, Até 120kg, Com Almofadas, Reclinável, Descanso de Braço 2D, Preto - XTS150;R$ 749,99
42;Cadeira Gamer XT Racer Viking Series, Até 120kg, Com Almofadas e Apoio de Pés, Reclinável, Descanso de Braço 3D, Preto e Branco - XTR-022;R$ 1.099,99
43;Cadeira Gamer Mx5, Giratoria, Branco e Rosa - Mymax;R$ 594,15
44;Cadeira Gamer XT Racer Viking Series, Até 120kg, Com Almofadas e Apoio de Pés, Reclinável, Descanso de Braço 3D, Preto e Vermelho - XTR-026;R$ 939,99
45;Cadeira Gamer XT Racer Speed Series, Até 120kg, Com Almofadas e Apoio de Pés, Reclinável, Descanso de Braço 2D, Preto - XTS190;R$ 979,99
46;Cadeira Gamer Stillus, Ergonômica, Com Apoio Para Os Pés, Preta e Branca;R$ 474,05
47;Cadeira Gamer XT Racer Platinum W Series, Até 120kg, Com Almofadas, Reclinável, Descanso de Braço 3D, Off White - XTR-068;R$ 1.299,99
48;Cadeira De Escritório Fortt, Com Rodinha, Verona Branca - Cegf01-b;R$ 429,00
49;Cadeira Gamer Husky Gaming Storm, Preto e Vermelho, Com Almofadas, Reclinável, Descanso de Braço 2D - HST-BR;R$ 634,99
50;Cadeira Gamer Prizi Runner, 180Kg, Giratória, Azul;R$ 329,00
51;Cadeira Gamer Alpha Gamer Nebula Fabric,  Até 150 kg, Apoio de Braço 4D, Reclinável, Cinza e Azul - AGNEBULA-GRY-BL;R$ 978,26
52;Cadeira Gamer Mymax Mx5, Suportado até 150Kg, Giratória, Preto e Branco;R$ 594,15
53;Cadeira Gamer Stillus Ergonômica Com Apoio Para Os Pés - Rosa Chiclete;R$ 474,05
54;Cadeira Gamer DT3 Elise Fabric, Até 130 Kg, Com Almofadas, Reclinável, Descanso de Braço 1D, Preto - 13443-5;R$ 1.059,99
55;Cadeira Gamer XT Racer Platinum W Series Dolce Gusto, Até 120kg, Braços 3D, Sistema Relax, Marrom, Logo Branco - XTR-016DGLB;R$ 1.129,99
56;Cadeira Gamer XT Racer Speed Series, Até 120kg, Com Almofadas, Reclinável, Descanso de Braço 2D, Preto e Cinza - XTS130;R$ 749,99
57;Cadeira Gamer Husky Gaming Blizzard, Preto e Azul, Com Almofadas, Reclinável, Descanso de Braço 2D - HBL-BB;R$ 594,99
58;Cadeira Gamer Prizi Runner, Até 120Kg, Roxa;R$ 329,90
59;Cadeira Gamer Mymax MX5, Até 150 Kg, Giratória, Branco e Roxo;R$ 594,15
60;Cadeira Gamer Husky Gaming Tempest 700, Cinza Claro, Com Almofadas, Descanso Para Pernas Retrátil, Reclinável - HGMA076;R$ 729,99
61;Cadeira Gamer Healer, Level Reclinável Giratória Com Apoio De Pés - Preto;R$ 579,90
62;Cadeira Gamer Corsair TC200 Fabric, Até 120Kg, Apoio de Braços 4D, Almofadas, Reclinável, Cilindro de Gás Classe 4, Preto - CF-9010049-WW;R$ 1.549,99
63;Cadeira Gamer XT Racer Platinum W Series, Até 120kg, Com Almofadas, Reclinável, Descanso de Braço 3D, Marrom - XTR-016;R$ 1.299,99
64;Cadeira Gamer Corsair TC100 Relaxed Leatherette, Até 120Kg, Com Almofadas, Reclinável, Cilindro de Gás Classe 4, Preto - CF-9010050-WW;R$ 989,99
65;Cadeira Gamer DT3sports Rhino, Até 200kg, Com Almofadas, Reclinável, Descanso de Braço 4D,  Preto - 11229-5;R$ 2.459,99
66;Cadeira Gamer XT Racer Defender, Até 120kg, Com Almofadas, Reclinável, Descanso de Braço 3D, Preto e Cinza - XTR-032;R$ 909,99
67;Cadeira Gamer XT Racer Viking Series, Até 120kg, Com Almofadas e Apoio de Pés, Reclinável, Descanso de Braço 3D, Rosa e Branco - XTR-023;R$ 979,99
68;Cadeira Gamer Corsair TC200, Até 120Kg, Apoio de Braços 4D, Com almofadas, Reclinável, Cilindro de Gás Classe 4, Preto - CF-9010043-WW;R$ 1.579,99
69;Cadeira Gamer Prizi Runner, Até 120Kg, Branca;R$ 335,90
70;Cadeira Gamer XT Racer Platinum W Series Dolce Gusto, Até 120kg, Braços 3D, Sistema Relax, Marrom, Logo Escuro - XTR-016DGLM;R$ 1.159,99
71;Cadeira Gamer Corsair TC200, Até 120Kg, Apoio de Braços 4D, Com Almofadas, Reclinável, Cilindro de Gás Classe 4, Cinza - CF-9010045-WW;R$ 1.699,99
72;Cadeira Gamer Corsair TC100 Relaxed Fabric, Até 120Kg, Com Almofadas, Reclinável, Cilindro de Gás Classe 4, Preto - CF-9010051-WW;R$ 989,99
73;Cadeira Gamer XT Racer Platinum W Series Dolce Gusto, Até 120kg, Braços 3D, Sistema Relax, Preto - XTR-010DG;R$ 1.129,99
74;Cadeira Gamer Mymax MX5, Até 150 Kg, Giratória, Branco e Azul;R$ 594,15
75;Cadeira Gamer Raven Arm, Até 120 kg, Cilindro de Gás Classe 3, Preto - CDRRVAR00;R$ 419,99
76;Cadeira Gamer Mymax MX5, Até 150kg, Com Almofadas, Reclinável, Descanso de Braço 2D, Preto e Vermelho - MGCH-MX5/RD;R$ 639,99
77;Cadeira Gamer Prizi Infinity, até 120KG, Escritório, Azul;R$ 398,90
78;Cadeira Gamer PCYes Mad Racer V8 Turbo, Red - V8TBMADVM;R$ 1.049,99
79;Cadeira Gamer Husky Gaming Tempest 700, Preto, Com Almofadas, Descanso Para Pernas Retrátil, Reclinável - HGMA074;R$ 799,99
80;Cadeira Gamer Alpha Gamer Vega, Preto e Vermelho, Reclinável, com Almofadas, Cilindro de Gás Classe 4;R$ 684,99
81;Cadeira Gamer XT Racer Speed Series, Até 120kg, Com Almofadas e Apoio de Pés, Reclinável, Descanso de Braço 2D, Preto e Cinza - XTS170;R$ 809,99
82;Cadeira Gamer XT Racer Speed Series, Até 120kg, Com Almofadas e Apoio de Pés, Reclinável, Descanso de Braço 2D, Preto e Vermelho - XTS180;R$ 799,99
83;Cadeira Gamer Husky Gaming Avalanche 900, Preto e Azul, Com Almofadas, Reclinável com Sistema Frog, Descanso de Braço 3D - HGMA086;R$ 1.299,99
84;Cadeira Gamer Fox Racer, Até 130kgs, RGB, Com Iluminação LED, Ângulo de 180 Graus, Rosa;R$ 679,89
85;Cadeira Gamer Husky Gaming Hailstorm, Preto e Verde, Com Almofadas, Reclinável, Descanso de Braço 2D - HHA-BG;R$ 659,99
86;Cadeira Gamer DT3 Nero Elite, Até 130 kg, Com Almofada, Reclinável, Descanso de Braço 4D, Cilindro de gás Classe 4, Cinza - 13542-5;R$ 2.399,99
87;Cadeira Gamer Fox Racer RGB, Até 130Kg, Reclinável, Com Almofadas, Iluminação LED, Rosa;R$ 679,89
88;Cadeira Gamer PCYes Mad Racer V8 Turbo, White - V8TBMADBC;R$ 1.049,99
89;Cadeira Gamer Corsair TC200 Fabric, Até 120Kg, Apoio de Braços 4D, Almofadas, Reclinável, Cilindro Classe 4, Cinza e Branco - CF-9010048-WW;R$ 1.549,99
90;Cadeira Gamer Mymax Mx9, Giratória, Preto/Prata;R$ 594,15
91;Cadeira Gamer Mymax MX7, Suporta Até 150kg, Giratória, Preto E Vermelho;R$ 560,15
92;Cadeira Gamer MX6, Giratória, Azul e Preto, Mymax;R$ 594,15
93;Cadeira Gamer, Vinik Rocket, Branca Com Rosa - CGR10BRS;R$ 655,51
94;Cadeira Gamer DT3 Rhino Ashen, Com almofadas, Reclinável, Apoio de braço 4D, Preto - 13341-2;R$ 2.399,99
95;Cadeira Gamer Corsair T3 Rush 2023, Até 120Kg, Com Almofadas, Reclinável, Apoio de Braços 4D, Cinza e Branco - CF-9010058-WW;R$ 1.249,99
96;Cadeira Gamer DT3 Romeo, Até 140 kg, Com Almofadas, Apoio de Braço 3D+, Reclinável, Preto - 13791-1;R$ 1.139,99
97;Cadeira Gamer Mymax MX7, Até 150kg, Com Almofadas, Reclinável, Descanso de Braço 2D, Preto e Rosa - MGCH-002V1/PK;R$ 599,99
98;Cadeira Gamer XT Racer Draco, Até 120kg, Com Almofadas, Reclinável, Descanso de Braço 4D, Preto e Cinza - XTR-065;R$ 1.549,99
99;Cadeira Gamer Preta Healer Wells, Reclinável Giratória;R$ 509,90
100;Cadeira Gamer XT Racer Defender, Até 120kg, Com Almofadas, Reclinável, Descanso de Braço 3D, Preto e Rosa - XTR-033;R$ 869,99
101;Cadeira Gamer XT Racer Ergonomics Robust, Até 180kg, Braços 4D, Encosto Reclinável, Sistema Relax, Preto - XTR-071;R$ 2.199,99
102;Cadeira Gamer Alpha Gamer Nebula Fabric, Tecido, Até 150 kg, Apoio de Braço 4D, Reclinável, Cinza e Rosa - AGNEBULA-GRY-PK;R$ 989,99
103;Cadeira Gamer XT Racer Draco, Até 120kg, Com Almofadas, Reclinável, Descanso de Braço 4D, Preto - XTR-064;R$ 1.499,99
104;Cadeira Gamer Raven X-10, Até 150Kg, com Almofadas, Descanso de Braço 4D, Reclinável, Trava de Inclinação, Preto e Vermelho - CDRVX10PV;R$ 599,99
105;Cadeira Gamer Husky Gaming Snow, Preto e Azul, Cilindro de Gás Classe 4, Base em Metal, Roda em Nylon - HSN-BB;R$ 589,99
106;Cadeira Gamer Thunderx3 TGC12 Profissional, Até 120kg, Com Almofadas, Reclinável, Descanso de Braço 2D, Rosa e Preto - 78203;R$ 1.059,99
107;Cadeira Gamer Stillus Ergonômica Com Apoio Para Os Pés - Azul;R$ 474,05
108;Cadeira Gamer Draxen Dn3, Giratória, Até 150Kg, Branco E Rosa;R$ 594,15
109;Cadeira Gamer Mymax Mx5, Até 150 Kg, Giratória, Preta e Vermelha;R$ 594,15
110;Cadeira Gamer Alpha Gamer Phenix Fabric, Tecido, Até 150kg, Apoio de Braço 4D, Reclinável, Preto e Azul - AGPHENIX-F-GRY-BK-BL;R$ 1.499,99
111;Cadeira Gamer DT3 Nero XL, Até 160Kg, Com Almofada, Descanso de Braço 4D, Grape - 13638-1;R$ 1.439,99
112;Cadeira Noblechairs Hero Gaming Chair Java Edition - NBL-HRO-PU-JED;R$ 2.399,99
113;Cadeira Gamer Mymax Mx9, Até 150Kg, Giratória, Preto/Azul;R$ 594,15
114;Cadeira Gamer Husky Gaming Tempest 500, Preto e Branco, Com Almofadas, Descanso Para Pernas Retrátil, Reclinável - HGMA082;R$ 679,99
115;Cadeira DT3 Rhino Space Grey, Até 200 Kg, Com Almofadas, Reclinável, Descanso de Braço 4D, Cinza e Preto - 13242-2;R$ 2.439,99
116;Cadeira Gamer Mymax Mx1, Giratória, Preto E Vermelho - mgch-8131/rd;R$ 466,65
117;Cadeira Gamer XT Racer Defender, Até 120kg, Com Almofadas, Reclinável, Descanso de Braço 3D, Preto e Vermelho - XTR-030;R$ 869,99
118;Cadeira Gamer Rise Mode A1, Até 150kg, Descanso de Braço 2D, Com Massageador, Preto e Branco - RM-A1-01-BW;R$ 984,99
119;Cadeira Gamer Mymax MX12, Até 150 Kg, Giratória, Preto e Azul;R$ 764,15
120;Cadeira Gamer Vinik Rocket, 120kg, Ajuste de altura e inclinação Branco e Rosa - CGR10BRS;R$ 659,99
121;Cadeira Gamer ThunderX3 BC3, Black e Red- 67992;R$ 949,99
122;Cadeira Gamer Mymax MX11, Até 150 Kg, Giratória, Preto E Vermelho;R$ 407,15
123;Cadeira Gamer Mymax MX8, Até 150Kg, Giratória, Preto e Azul;R$ 551,65
124;Cadeira Gamer Husky Gaming Snow, Preto e Vermelho, Cilindro de Gás Classe 4, Base em Metal, Roda em Nylon - HSN-BR;R$ 449,99
125;Pistão para Cadeiras Husky Gaming Snow, Polar e Frost - HAC-PSPF;R$ 54,99
126;Cadeira Gamer Prizi Runner, 180KG, Verde;R$ 335,90
127;Cadeira Gamer DT3 Nero Elite Syrah, Até 160 Kg, Com Almofada, Reclinável, Descanso de Braço 4D, Preto e Vinho - 13543-6;R$ 2.199,99
128;Cadeira Gamer Mymax Mx8, Giratória, 150Kg, Preto E Vermelho;R$ 551,65
129;Cadeira Gamer Mymax Mx5, Até 150Kg, Giratória, Preto E Azul;R$ 594,15
130;Cadeira Gamer Mymax Mx1, Peso Suportado até 120Kg, Giratória, Preto E Azul - mgch-8131/bl;R$ 466,65
131;Cadeira Gamer DT3 Gamma Fabric, Até 130 Kg, Com Almofadas, Reclinável, Descanso de Braço 3D, Preto - 13491-8;R$ 1.169,99
132;Cadeira Gamer DT3 Chrono, Até 130kg, Apoio de Braço 2D, Reclinável, Preto - 13991-3;R$ 2.499,99
133;Cadeira Gamer DT3 Nero Elite Ashen,  Até 160kg, com Almofada, Reclinável, Braço 4D, Cilindro de Gás Classe 4 - 13541-4;R$ 2.429,99
134;Cadeira Gamer Noblechairs EPIC, Black - NBL-PU-BLA-002;R$ 2.089,99
135;Cadeira Gamer Husky Gaming Blizzard 900, Preto, Com Almofadas, Reclinável com Sistema Frog, Descanso de Braço 3D - HGMA062;R$ 1.379,99
136;Cadeira Gamer Mymax Mx9, 150kg, Com Almofadas, Braços com Regulagem 2D, Giratória, Cilindro de Gás Classe 2 - 80mm, Preto e Vermelho;R$ 594,15
137;Cadeira Gamer DT3 Elise Fabric, Até 130 Kg, Com Almofadas, Reclinável, Descanso de Braço 1D, Preto e Cinza - 13445-7;R$ 1.049,99
138;Cadeira Gamer DT3 Elise, Até 130 Kg, com Almofadas, Reclinável, Preto e Azul - 13437-8;R$ 989,99
139;Cadeira Gamer Vinik Rocket, 120kg, Ajuste de altura e inclinação Preto - CGR10PT;R$ 649,99
140;Cadeira Gamer Noblechairs Hero, Black - NBL-HRO-PU-BLA;R$ 2.099,99
141;Cadeira Gamer DT3 Elise, Até 130 Kg, com Almofadas, Reclinável, Preto e Cinza - 13439-0;R$ 989,99
142;Cadeira Dxracer Master V2 (i238s-n-n1-a3);R$ 3.199,00
143;Cadeira Gamer DT3 Elise Fabric, Até 130 Kg, Com Almofadas, Reclinável, Descanso de Braço 2D, Preto e Azul - 13444-6;R$ 1.049,99
144;Cadeira Gamer Alpha Gamer Nimbus, Até 125 kg, Apoio de Braço 4D, Reclinável, Branco e Preto - AGNIMBUSBWHT;R$ 1.129,99
145;Cadeira Gamer Draxen DN2, 150 kg, Altura Ajustáveis, Reclinação, com almofadas, Preto;R$ 594,15
146;Cadeira Gamer Mymax MX0, Peso Suportado até 120Kg, Giratória, Preto - mgch-mx0/bk;R$ 424,15
147;Cadeira Gamer XT Racer Draco, Até 120kg, Com Almofadas, Reclinável, Descanso de Braço 4D, Preto e Dourado - XTR-062;R$ 1.349,99
148;Cadeira Gamer PCYes Mad Racer V8 Turbo, Blue - V8TBMADAZ;R$ 1.049,99
149;Cadeira Gamer DT3 Nero, Até 140kg,  Com Almofada, Reclinável, Descanso de Braço 4D, Preto e Roxo  - 13547-0;R$ 1.289,99
150;Cadeira Gamer XT Racer Speed Series, Até 120kg, Com Almofadas, Reclinável, Descanso de Braço 2D, Preto e Vermelho - XTS140;R$ 899,99
151;Cadeira Gamer Mymax MX1, Peso Suportado até 120Kg, Giratória, Preto e Verde;R$ 466,65
152;Cadeira Gamer Mymax MX5, Até 150kg, Com Almofadas, Reclinável, Descanso de Braço 2D, Branco e Verde - MGCH-MX5/GRWH;R$ 659,99
153;Cadeira Gamer DT3 Elise Fabric, Até 130 Kg, Com Almofadas, Reclinável, Descanso de Braço 2D, Preto e Vermelho - 13446-8;R$ 1.029,99
154;Cadeira Gamer Fortt Mendoza, Até 120kg, Azul - Cgf002-a;R$ 429,00
155;Cadeira Gamer PCYes Mad Racer V16, Black - MADV16PTCSDG;R$ 1.679,99
156;Cadeira Noblechairs Hero TX Gaming Chair-anthracite - NBL-HRO-TX-ATC;R$ 2.199,99
157;Cadeira Gamer DT3 Nero XL, Até 160Kg, Com Almofada, Descanso de Braço 4D, Cloud - 13637-0;R$ 1.399,99
158;Cadeira Gamer Stillus Ergonômica Com Apoio Para Os Pés - Vermelho;R$ 474,05
159;Cadeira Gamer Mymax Mx12, Peso Máximo Suportado: 150kg, Giratória, Preto/Branco;R$ 764,15
160;Cadeira Gamer Fox Racer Nordic, Peso Max 125KG, RGB, Encostos Ajustável, Branca;R$ 517,99
161;Cadeira Gamer Maxprint/dazz, Omega, Preta, Peso Máximo Suportado: 100kg;R$ 399,95
162;Cadeira Gamer Husky Gaming Hailstorm, Preto, Com Almofadas, Reclinável, Descanso de Braço 2D - HHA-BK;R$ 749,99
163;Cadeira Gamer Neologic Golden Antares, Pistão Classe 4, 4d, Reclinável, Preto E Dourado, Até 200kg - Nantgd;R$ 1.017,99
164;Cadeira Gamer DT3 Grigio, Até 130Kg, Com Almofadas, Reclinável, Descanso de Braço 1D,  Cinza e Preto - 13373-7;R$ 1.039,99
165;Cadeira Gamer Reclinável Com Apoio De Pés Alien Healer Tm, Suporta até 120Kg, Preta;R$ 689,90
166;Cadeira Gamer Pelegrin Em Couro Pu, Reclinável, Suporta Até 150Kg, Preto E Azul - Pel-3019;R$ 519,00
167;Cadeira Gamer Falcon,Fury,Preta;R$ 499,90
168;Cadeira Gamer Thunderx3 Tgc12, Profissional, Suporta Até 120Kg, Preta E Branca;R$ 1.223,42
169;Cadeira Gamer Noblechairs Hero, Black Red - NBL-HRO-PU-BRD;R$ 2.049,99
170;Cadeira Gamer E Escritório Xt Racer Platinum W Styles E Tecido,preto;R$ 1.424,05
171;Cadeira Gamer ThunderX3 BC3 CAMO Military Green - 68835;R$ 879,99
172;Cadeira Gamer ThunderX3 BC3 Camo/CZ, Black Hawk - 67994;R$ 959,99
173;Cadeira Gamer Alpha Gamer Vega, Até 130Kg, Cilindro de Gás 4, Braço Ajustável, Preto e Verde;R$ 649,99
174;Cadeira Gamer Noblechairs Hero, Black Gold - NBL-HRO-PU-GOL;R$ 1.999,99
175;Cadeira Gamer Mymax MX7, Suportado até 150Kg, Giratória, Preto e Verde;R$ 560,15
176;Cadeira Gamer ThunderX3 TGC12, Preto e Verde;R$ 999,99
177;Cadeira Gamer Corsair T1 Race, Até 120Kg, Com Almofadas, Reclinável, Apoio de Braços 4D, Preto - CF-9010059-WW;R$ 1.329,99
178;Cadeira Gamer DT3 Nero, Até 140kg,  Com Almofada, Reclinável, Descanso de Braço 4D, Preto e Azul  - 13548-1;R$ 1.279,99
179;Cadeira Gamer Husky Gaming Blizzard 970, cm Almofadas, Acabamento Alcantara, Reclinável com Sistema Frog, Cinza - HGMA132;R$ 1.699,99
180;Cadeira Gamer Mymax Mx0, Suporta Até 120kg, Giratória, Preto E Branco;R$ 424,15
181;Cadeira Gamer Infantil Em Couro Pvc Pelegrin Pel-9354, até 60kg - Preto Com Vermelho;R$ 239,00
182;Cadeira Gamer Husky Gaming Avalanche 900, Preto e Amarelo, Com Almofadas, Reclinável com Sistema Frog, Descanso de Braço 3D - HGMA089;R$ 1.299,99
183;Cadeira Gamer Mymax MX7, Suportado até 150Kg, Giratória, Preto e Rosa;R$ 560,15
184;Cadeira Gamer Pelegrin, Até 150 Kg, Em Couro Pu, Reclinável, Preta e Vermelha - PEL-3019;R$ 519,00
185;Cadeira Gamer Corsair T1 Race, Até 120Kg, Com Almofadas, Reclinável, Apoio de Braços 4D, Preto e Branco - CF-9010060-WW;R$ 1.329,99
186;Cadeira Gamer Noblechairs EPIC, Black Red - NBL-PU-RED-002;R$ 1.899,99
187;Cadeira Gamer Mymax MX0, Peso Suportado até 120Kg, Giratória, Preto e Rosa - Mgch-mx0/pk;R$ 424,15
188;Cadeira Gamer Alpha Gamer Cygnus RGB - AGCYGNUS;R$ 999,99
189;Cadeira Gamer Noblechairs Hero, Black Blue - NBL-HRO-PU-BBL;R$ 2.059,99
190;Cadeira Gamer Elements Gaming, Cinza, Suportado: 150 kg, Ergonômica De Tecido;R$ 2.438,86
191;Cadeira Gamer Alpha Gamer Zeta Preto, Reclinável, com Almofadas, Cilindro de Gás Classe 4 - AGZETA-BK;R$ 734,99
192;Cadeira Gamer DT3 Nero,  Até 140kg, Com Almofada, Reclinável, Descanso de Braço 4D, Preto e Rosa - 13546-9;R$ 1.279,99
193;Cadeira Gamer Alpha Gamer Vega, Preto e Azul, Reclinável, com Almofadas, Cilindro de Gás Classe 4;R$ 684,99
194;Cadeira Gamer Stillus, Ergonômica, Com Apoio Para Os Pés, Dourada;R$ 474,05
195;Cadeira Gamer Kids, Em Couro Pu, Preta e Azul, Pelegrin - Pel-9353;R$ 289,00
196;Cadeira Gamer XT Racer Platinum W Series, Até 120kg, Com Almofadas, Reclinável, Descanso de Braço 3D, Rosa - XTR-069;R$ 1.199,99
197;Cadeira Gamer X­rocker Dazz;R$ 702,94
198;Cadeira Gamer Alpha Gamer Polaris Racing Edition,  Até 150Kg, Cilindro de Gás 4, Descanso de Braço 4D, Preto e Verde - AGPOLARISRE-BK-GRN;R$ 899,99
199;Cadeira Gamer Pelegrin Kids, Em Couro Pu, Preta e Cinza, - PEL-9353;R$ 289,00
200;Cadeira Gamer Falcon, Wake, Azul;R$ 435,90
201;Cadeira Gamer, XT Racer Defender, Reclinável Ergonômica, Tecido Polyester, Preto e Rosa.;R$ 1.139,05
202;Cadeira Gamer ThunderX3 EC3, Até 120 kg,  Preto - 67998;R$ 939,99
203;Cadeira Gamer DT3 Gamma, Até 120 Kg, Com Almofadas, Reclinável, Descanso de Braço 3D, Preto - 13516-6;R$ 1.139,99
204;Cadeira Gamer ThunderX3 EC3, Peso Suportado até 150Kg, Ajustável, Ciano E Preto - 68000;R$ 976,36
205;Cadeira Gamer Cougar Armor Elite Black, Até 120kg - 3meliblb.0001;R$ 1.317,63
206;Cadeira Gamer Husky Gaming Storm, Branco e Rosa, Com Almofadas, Reclinável, Descanso de Braço 4D - HST-PW;R$ 699,99
207;Cadeira Gamer DT3 Mizano Fabric, Até 110 kg, Com Almofadas, Apoio de Braço 3D+, Reclinável, Cinza - 13799-9;R$ 1.129,99
208;Cadeira Gamer Pelegrin, Até 150 Kg, Em Couro Pu, Reclinável, Preta e Verde - PEL-3019;R$ 519,00
209;Cadeira Gamer Racer X Reclinável Preta;R$ 834,09
210;Cadeira Nex Max, Giratória E Reclinável, Preta E Branca - Dxracer;R$ 1.762,89
211;Cadeira Gamer Profissional ThunderX3 TGC12, Suporta Até 150Kg, Preto E Verde;R$ 1.086,10
212;Cadeira Gamer Husky Gaming Blizzard 970,  com Almofadas, Acabamento Alcantara, Reclinável com Sistema Frog, Preto e Branco - HGMA136;R$ 1.421,05
213;Cadeira Gamer Sharkoon Skiller SGS2 Black Red;R$ 1.339,99
214;Cadeira Gamer Alpha Gamer Polaris Racing Edition, Até 150Kg, Cilindro de Gás 4, Descanso de Braço 4D, Preto e Vermelho - AGPOLARISRE-BK-R;R$ 899,99
215;Cadeira Gamer, Racer X Comfort - Rosa;R$ 739,09
216;Cadeira Gamer Gamdias Zelus E3 Weave L Gb, até 120kg, C/ Apoio De Braço, Cinza/preto;R$ 949,99
217;Cadeira Gamer PCYes Mad Racer V8 Turbo, Até 12Kg, Descanso de Braço 4D, Amarelo - V8TBMADAM;R$ 1.059,99
218;Cadeira Gamer ThunderX3 EC3, Até 120kg, com Almofadas, Preto e Ciano - 68000;R$ 999,99
219;Cadeira Gamer  Fortrek Vickers, Peso Suportado até 135Kg, Mecanismo Butterfly, Preto e vermelho - 70520;R$ 866,85
220;Cadeira Gamer Noblechairs EPIC, Black Gold - NBL-PU-GOL-002;R$ 1.829,99
221;Cadeira Gamer Dt3 Elise Fabric V2 13443-5, Com Almofadas Reclinável, Com Descanso De Braço 1D, Preto;R$ 1.171,39
222;Cadeira Gamer ThunderX3 Black Hawk, Peso Suportado até 150Kg, Tecnologia Air Tech, Cinza - BC3 CAMOe CZ;R$ 976,36
223;Cadeira Gamer Mymax Mx15 Giratoria Peso Máximo Suportado: 150 Kg, Preto;R$ 849,15
224;Cadeira Gamer ThunderX3 BC7 Larger, Black/Cyan - 68841;R$ 1.839,99
225;Cadeira Gamer Alpha Gamer Vega, Até 150Kg, Cilindro de Gás 4,  Braço Ajustável, Preto e Laranja;R$ 649,99
226;Cadeira Gamer XT Racer Platinum W Series, Até 120kg, Com Almofadas, Reclinável, Descanso de Braço 3D, Vinho - XTR-017;R$ 1.299,99
227;Cadeira Gamer Husky Gaming Storm, Preto, Vermelho e Branco, Com Almofadas, Reclinável, Descanso de Braço 2D - HST-RBW;R$ 789,99
228;Cadeira Gamer  Thunderx3 BC3, Peso Suportado até 150Kg, Ergonômica, Reclinável, Preta;R$ 1.099,99
229;Cadeira Gamer MoobX Nitro Com Regulagem de Altura e Reclinação 180°;R$ 799,90
230;Cadeira Gamer, MX11, Giratória, Preto, Mymax;R$ 407,15
231;Cadeira Gamer Alpha Gamer Polaris Edition, Até 150Kg, Descanso de Braço 4D,  Preto e Branco - AGPOLARISRE-BK-BL;R$ 959,99
232;Cadeira Gamer Noblechairs Epic Copper Limited Edition, Preta/Cobre - PGW-NB-EGC-016;R$ 1.999,99
233;Cadeira Gamer Alpha Gamer Zeta, Até 120 Kg, Preto e Vermelho - AGZETA-BK-R;R$ 734,99
234;Cadeira Gamer DT3 Mizano Fabric, Até 110 kg, Com Almofadas, Apoio de Braço 3D+, Reclinável, Preto - 13796-6;R$ 1.099,99
235;Cadeira Gamer Alpha Gamer Alegra Fabric Cinza - AGALEGRA-F-GRY;R$ 1.499,99
236;Cadeira Gamer Hoopson, Preta E Branca - CG-506;R$ 1.499,87
237;Cadeira Gamer Cougar Armor Elite White, Até 120 KG - 3MELIWHB.0001;R$ 1.238,45
238;Cadeira Gamer Hoopson, Reclinável E Giratória - Hp-cg505;R$ 1.499,87
239;Cadeira Gamer Racer X Comfort, Peso máximo suportado: 100 Kg, Cinza;R$ 739,09
240;Cadeira Gamer Shopb Tank Reclinável E Giratória - Preta E Branca;R$ 820,43
241;Cadeira Gamer Husky Gaming Blizzard 900, Preto e Vermelho, Com Almofadas, Reclinável com Sistema Frog, Descanso de Braço 3D - HGMA084;R$ 1.379,99
242;Cadeira Gamer Draxen DN1, até 150 kg, RGB, Rodas de Silicone, Encosto Regulável, Almofadas para apoio, Preto;R$ 849,15
243;Cadeira Gamer XT Racer Attack, Ergonômica E Reclinável, Couro Sintético, Preto E Prata;R$ 949,05
244;Cadeira Gamer ThunderX3 EC3, Até 120kg, com Almofadas, Preto e Vermelho - 67999;R$ 999,99
245;Cadeira Gamer Boxbit Atlético Mineiro Fanático, até 120Kg, Base Rodízio;R$ 669,38
246;Cadeira Gamer Reclinável Sparta Com 2 Almofadas Zidi;R$ 1.849,90
247;Cadeira Gamer Pelegrin Em Couro Pu, Preta E Cinza - PEL-3017;R$ 379,00
248;Cadeira Gamer Gallant, Altura Regulável, Preta/Vermelha -GCD10GPUA-VM;R$ 759,00
249;Cadeira Gamer Vinik Comet Cgc10p, Até 120kg, Reclinável, Giratória Com Apoio De Braço 2D E Ajuste De Altura, Preta;R$ 920,56
250;Cadeira Gamer Thunderx3 BC3, Peso Suportado até 150Kg, Base resistente de metal, Vermelha;R$ 837,78
251;Cadeira Gamer Thunderx3 BC7 Larger, Peso Suportado até 150Kg, Almofadas de pescoço e lombar, Preto E Ciano;R$ 2.062,82
252;Cadeira Gamer Racer X Comfort, Branca, Peso máximo suportado: 100 Kg;R$ 739,09
253;Cadeira Gamer Elements Lunari, Até 120kg, Com Almofada, Descanso de Braço 4D, Cilindro de Gás Classe 4, Knit Special, Creme - 70045;R$ 2.649,99
254;Cadeira Gamer Alpha Gamer Alegra Fabric, Até 150 kg, Apoio de Braço 4D, Mecanismo Frog, Apoio Lombar Ajustável, Rosa - AGALEGRA-F-PK;R$ 1.499,99
255;Cadeira Gamer Escritório Cougar Fusion S, Preta E Laranja;R$ 922,25
256;Cadeira Gamer Fortrek Black Hawk, Suporta Até 140Kg, Apoio Ajustável Bi-Direcional, Preto - 70508;R$ 976,36
257;Cadeira Gamer Royale MoobX, Até 100Kg, Giratória,  Preto e Cinza;R$ 509,92
258;Cadeira Gamer OexGame Gc200, Até 100Kg, Altura Ajustável, Couro Sinético, Rosa E Preto;R$ 902,41
259;Cadeira Gamer Profissional ThunderX3 TGC12, Peso Suportado até 120Kg, Preto;R$ 1.304,91
260;Kit Gamer Pelegrin Pel-008p Rosa E Cadeira Gamer Pelegrin Pel-3020 Rosa;R$ 1.409,00
261;Cadeira Gamer Noblechairs Hero Doom Edition - NBL-HRO-PU-DET;R$ 2.399,99
262;Cadeira Gamer Fortrek Black Hawk Black/Red - 70510;R$ 799,99
263;Cadeira Gamer Thunderx3 Ec3, até 125 kg, com almofadas, Ajustável, Air Tech, Rosa;R$ 1.317,34
264;Cadeira Gamer Thunderx3 Ec1, Suporta Até 120kg, Cilindro De Gás, Almofadas, Preto - 78232;R$ 929,84
265;Cadeira Gamer Pcyes Mad Racer V8 Turbo Azul - V8tbmadaz;R$ 1.619,88
266;Cadeira Gamer Raven X-10, Até 150Kg, Com Almofadas, Descanso de Braço 4D, Encosto Reclinável, Trava de Inclinação, Preto e Azul - CDRVX10PA;R$ 579,99
267;Cadeira Nex Max Giratória E Reclinável Preta E Vermelha - Dxracer;R$ 1.637,06
268;Cadeira Gamer Pelegrin, Até 150 Kg, Em Couro PU, Reclinável, Preta E Azul - PEL-3015;R$ 439,00
269;Cadeira Gamer Racer X Comfort, Verde;R$ 739,09
270;Cadeira Gamer Mymax Mx18, Até 150Kg, Giratória, Preta;R$ 934,15
271;Cadeira Gamer Pcyes Mad Racer V8 Turbo, Peso Suportado até 180Kg, Função Relax, Preta - V8tbmadpt;R$ 1.441,86
272;Cadeira Gamer Pelegrin, Até 150 Kg, Em Couro PU, Reclinável - PEL-3010;R$ 479,00
273;Cadeira Gamer Falcon,Wake,Vermelha;R$ 435,90
274;Cadeira Gamer Cougar Armor Elite Royal, Até 120Kg - 3meliglb.0001;R$ 1.317,63
275;Cadeira Gamer Cougar Gaming Argo One Black 3margosb,0001;R$ 3.038,48
276;Cadeira Gamer DT3sports Rhino Blue - 11230-7;R$ 2.399,99
277;Cadeira Gamer Racer X Comfort, Peso máximo suportado: 100 Kg, Azul Claro;R$ 739,09
278;Cadeira Gamer Infantil Pelegrin, Em Couro Pu, Preta e Vermelha - Pel-9353;R$ 289,00
279;Cadeira Gamer Cooler Master Caliber X2, Preto Com Cinza;R$ 1.821,73
280;Cadeira Gamer Ideal, Giratória, 84x65x34cm;R$ 799,00
281;Cadeira Gamer Racer X, Reclinável, Cinza;R$ 834,09
282;Cadeira Gamer Pelegrin, Preta E Cinza - PEL-3011;R$ 499,00
283;Cadeira Gamer Tr-max, Até 120 Kg, de Couro, Giratória, Ajustável - Branca;R$ 1.055,70
284;Cadeira Gamer PCYes Mad Racer V8 Turbo, Até 12Kg, Descanso de Braço 4D, Cinza - V8TBMADCZ;R$ 1.049,99
285;Cadeira Gamer, XT Racer Defender,Reclinável Ergonômica, Tecido Polyester, Preto.;R$ 1.139,05
286;Cadeira Office Elements Lunari, Espuma D50, Mecanismo Frog, Grey;R$ 3.499,00
287;Cadeira Gamer Design Office, Linha Gamer Racing, Com Almofada, Regulavel, Verde Limão com Preto;R$ 4.299,00
288;Cadeira Gamer XT Racer Viking, Com Apoio de Pés, Reclinável, Ergonômica, Couro Sintético, Rosa e Branco;R$ 1.139,05
289;Cadeira Gamer Dt3 Sports Elise V2 13437-8, Azul, Com Almofadas E Reclinavel, Suporta Ate 130kg, U Unica;R$ 1.689,49
290;Cadeira Gamer Mymax, Com Almofadas, Braço 2D,  Cilindro de Gás Classe 3, Giratória, Preto e Vermelho - MX13;R$ 764,15
291;Cadeira Gamer Pelegrin Pel-3019, Suporta até 150Kg, em Couro Pu, Encosto reclinável com trava, com almofadas, Preta;R$ 886,24
292;Cadeira Boxbit Falcon, Em Tela Preta, Base Cromada Rodízio, Peso suportado: 120Kg;R$ 781,83
293;Cadeira Gamer Racer X, Reclinável - Branca;R$ 834,09
294;Cadeira Gamer DT3sports Rhino Red - 11233-0;R$ 2.399,99
295;Cadeira Gamer TC3 ThunderX3, Suporta até 150Kg, Bumblebee Yellow;R$ 1.506,06
296;Cadeira Gamer Aerocool Air All Black, Preto - Ac40c;R$ 934,15
297;Cadeira Gamer Giratória, 2 Almofadas, Home Office, Ergonômica Regulagem Altura, Branco Preto;R$ 599,90
298;Cadeira Gamer Mymax Mx16, Giratória, Preto/Prata;R$ 849,15
299;Cadeira Gamer TC3 ThunderX3, Suporta até 125Kg, All White;R$ 1.506,06
300;Cadeira Gamer Draxen Dn3, Giratória, Até 150Kg, Preto/Branco;R$ 594,15
301;Cadeira Game XT Racer Extreme, Reclinável Ergonômica, Couro Sintético, Preto;R$ 1.424,05
302;Cadeira Gamer King Heavy Duty - Cl-ck005;R$ 1.360,00
303;Cadeira Gamer Office Giratória, Com Elevação A Gás, Extreme F03, Preto E Vermelho - Lyam Decor;R$ 830,90
304;Cadeira de escritório, Gamer XT Racer Fire Gun, Reclinável Ergonômica, Couro sintético, Preto e Vermelho.;R$ 1.519,05
305;Cadeira Gamer Infantil Em Couro Pvc Pelegrin Pel-9354, até 60kg - Preto Com Cinza;R$ 239,00
306;Cadeira Gamer XT Racer Attack Reclinável Ergonômica Couro Sintético - Preto e Vermelho;R$ 949,05
307;Cadeira Gamer Racer X Reclinável Verde;R$ 834,09
308;Cadeira Gamer Cooler Master Caliber R2c Cool-in - Preto;R$ 2.380,00
309;Cadeira Gamer, XT Racer Defender, Reclinável Ergonômica, Tecido Polyester, Preto e Vermelho;R$ 1.139,05
310;Cadeira Gamer Sharkoon Elbrus 2, Black Red;R$ 1.479,99
311;Cadeira Gamer Pelegrin Pel-3009, Couro Pu - Preta E Vermelha;R$ 479,00
312;Cadeira Gamer Star Game WG-03, Reclinável, Suporta até 120 kg, Vermelha e Preta;R$ 630,22
313;Cadeira Presidente X-ultra Xt Office, Até 130 Kg - Xto-009;R$ 1.994,05
314;Cadeira Gamer Thunderx3 Tgc12, Profissional, Suporta Até 120kg, Com Almofadas, Preto E Rosa;R$ 1.086,10
315;Cadeira Gamer Evolut Ace,Suporta Ate 120kg, Preto E Vermelho;R$ 740,91
316;Cadeira Gamer ThunderX3 EC3, Peso Suportado até 150Kg, Ergonômica, Reclinável, Preta - 67998;R$ 976,36
317;Cadeira Gamer, MX11, Giratória, Preto E Roxo, Mymax;R$ 407,15
318;Cadeira Gamer Profissional ThunderX3 TGC12, Peso Suportado até 120Kg, Preta e Azul;R$ 1.086,10
319;Cadeira Gamer Thunderx3 Ec1, Suporta Até 120kg, Cilindro De Gás, Almofadas, Preto E Rosa - 78233;R$ 851,92
320;Cadeira Gamer Husky Gaming Blizzard, Preto e Verde, Com Almofadas, Reclinável, Descanso de Braço 2D - HBL-BG;R$ 679,90
321;Cadeira Gamer Mymax MX0, Peso Suportado até 120Kg, Giratória, Preto e Vermelho - Mgch-mx0/rd;R$ 424,15
322;Cadeira Gamer Alien Healer, Suporta até 120Kg, Reclinável, Com Apoio de Pés, Preto/Verde;R$ 1.074,03
323;Cadeira Gamer Mymax, Mx5, Até 150kg, Giratória Branco E Verde;R$ 594,15
324;Cadeira Gamer Husky Gaming Blizzard 970,  com Almofadas, Acabamento Alcantara, Reclinável com Sistema Frog, Preto - HGMA135;R$ 1.499,99
325;Cadeira Gamer XT Racer Taycan Com Apoio De Pés Reclinável Ergonômica Couro Sintético - Preto e Vermelho;R$ 1.329,05
326;Cadeira Gamer Phenix Alpha Gamer, Até 150Kg, 2x Almofadas, Reclinável, Braços 4D, Preto - AGPHENIX-F-GRY-BK;R$ 1.699,99
327;Cadeira Gamer Pelegrin Pel-3006, Suporta Até 150Kg, Em Couro Pu, Preto e Verde;R$ 479,00
328;Cadeira Gamer Mymax Mx9, até 150kg, Giratória, Com Almofadas, Reclinável, Preto/Roxo;R$ 594,15
329;Cadeira Gamer Sharkoon Skiller SGS40, 150kg, Braço 4D, Preto;R$ 2.379,99
330;Cadeira Gamer Rocket, Peso Suportado até 150Kg, Ajuste de altura, Preto e Verde - Cgr10pvd;R$ 655,51
331;Cadeira Gamer Dt3 Sports Elise V2 13436-7 Preta Com Almofadas E Reclinavel U Unica Unica;R$ 980,09
332;Cadeira Gamer Pcyes Mad Racer V8 Turbo, Peso Suportado até 180Kg, Função Relax, Branca - V8tbmadpt;R$ 1.441,86
333;Cadeira Gamer Noblechairs Epic, Até 120kg, com Almofadas, Branco - NBL-PU-WHT-001;R$ 1.949,99
334;Cadeira Gamer Healer, Level Reclinável Giratória Com Apoio De Pés - Vermelho E Preto;R$ 629,90
335;Cadeira Gamer Fortrek Vickers, Até 120Kg, com Almofadas, Preto - 7051;R$ 649,99
336;Cadeira Gamer Cooler Master Caliber X1c Preto Cmi-gcx1c-bk, Suporta: 150kg;R$ 3.509,90
337;Cadeira Gamer Racer X, Reclinável Hype, Com LED RGB, Peso máximo suportado: 145 Kg;R$ 1.030,74
338;Cadeira Gamer Husky Gaming Snow, Preto e Verde, Cilindro de Gás Classe 4, Base em Metal, Roda em Nylon - HGMA018;R$ 449,99
339;Cadeira Gamer Sakes, Cinza, Reclinável, Com Almofadas, Cilindro de Gás Classe 2 - INP21004;R$ 859,00
340;Cadeira Gamer, MX11, Giratória, Preto E Azul, Mymax;R$ 407,15
341;Cadeira Gamer Boxbit São Paulo SPFC Invicto, até 120Kg, Base Rodízio, reclina até 170 graus, com almofadas;R$ 1.071,00
342;Cadeira Gamer Vinik Rocket, Peso Suportado até 150Kg, Ajuste de Altura e Inclinação, Preta - Cgr10pt;R$ 655,51
343;Cadeira Gamer E Escritório Xt Racer Ergonomics Robust Em Tecido Até 180kg,Preta;R$ 2.374,05
344;Cadeira Gamer ThunderX3 TC3, Suporta Até 150Kg, All Black;R$ 1.294,00
345;Cadeira Gamer Sharkoon Shark Skiller SGS4 Black;R$ 2.539,99
346;Cadeira Gamer Vinik Rocket, Preta Com Azul - Cgr10paz;R$ 655,51
347;Cadeira Gamer Husky Gaming Avalanche, Rosa e Branco, Com Almofadas, Reclinável, Descanso de Braço 3D - HAV-PW;R$ 949,99
348;Cadeira Gamer Pelegrin Pel-3005 - Azul, Branca E Preta;R$ 379,00
349;Cadeira Gamer Cooler Master Caliber R2 Roxa - Cmi-gcr2-2019;R$ 1.699,90
350;Cadeira Gamer XT Racer Vulcan Reclinável Ergonômica Couro Sintético Branco e Rosa;R$ 1.234,05
351;Cadeira Gamer Mymax Mx5, Peso Suportado até 150Kg, Giratória, Preto e verde;R$ 758,10
352;Cadeira Gamer Copa Do Mundo Qatar 2022 Edição Especial Preto Com Roxo - Mt-2000 Bp1;R$ 599,90
353;Cadeira Gamer Sharkoon Skiller SGS2 Black Blue;R$ 849,99
354;Cadeira Gamer Alpha Gamer Alegra Fabric, Até 150 kg, Apoio de Braço 4D, Mecanismo Frog, Apoio Lombar Ajustável, Azul - AGALEGRA-F-BL;R$ 1.499,99
355;Cadeira Gamer Mymax MX15, Até 150 Kg, Giratória, Preto e Azul;R$ 849,15
356;Cadeira Gamer Pelegrin Pel-3015, Em Couro PU, Reclinável - Preta E Vermelha;R$ 439,00
357;Cadeira Gamer Boxbit  Atlético Mineiro Invicto, Até 120 Kg, Base Rodízio;R$ 1.071,00
358;Cadeira Gamer DT3 Nero XL, Até 160Kg, Com Almofada, Descanso de Braço 4D, Bubble - 13636-9;R$ 1.499,99
359;Cadeira Presidente X-strong Xt Office, Até 120 Kg -  Xto-011;R$ 1.329,05
360;Cadeira Gamer De Balanço Pelegrin Pel-3024 Preta Com Led E Auto-falante Bluetooth;R$ 810,84
361;Cadeira Gamer Racer X Comfort, Azul.;R$ 739,09
362;Cadeira Gamer Vinik Rocket, 120kg, Ajuste de altura e inclinação Preto e Vermelho - CGR10PVM;R$ 599,99
363;Cadeira Gamer Cruiser Fortrek, Suporta até 135Kg, Preta/Azul;R$ 1.036,15
364;Cadeira Gamer Giratoria MX12 MyMax, Suporta 150Kg, Preto e Vermelho;R$ 764,15
365;Cadeira Gamer New WG-02, Branco;R$ 614,88
366;Cadeira Gamer Cougar Gaming Argo One 3margos.0001;R$ 2.847,11
367;Cadeira Gamer Elements Nemesis - Dark Grey;R$ 7.544,67
368;Cadeira Gamer Fortrek Blackfire, Suporta até 120Kg, Preta/Vermelha;R$ 724,85
369;Cadeira Gamer Profissional Dc Superman Reclinável Suporta Até 150kg Azul;R$ 2.049,90
370;Cadeira Gamer XT Racer Viking, Reclinável, Ergonômica, Couro Sintético, Rosa e Branco;R$ 1.044,05
371;Cadeira Office Pro Gamer X D'rossi;R$ 1.863,90
372;Cadeira Gamer Husky Gaming Avalanche 900, Preto e Vermelho, Com Almofadas, Reclinável com Sistema Frog, Descanso de Braço 3D - HGMA083;R$ 1.299,99
373;Cadeira Gamer Healer, Level Reclinável Giratória Com Apoio De Pés - Verde E Preto;R$ 629,90
374;Cadeira Gamer Maxoffice DN2, Até 150 Kg, Preto e Vermelho, Draxen;R$ 594,15
375;Cadeira, Dt3sports, Elise, Pink;R$ 1.319,84
376;Cadeira Gamer Design Office, Linha Gamer Racing, Com Almofada, Regulavel, Café com Preto;R$ 4.299,00
377;Cadeira Gamer Warrior Karna, Peso Suportado até 120Kg, Basculante, Giratória, Preta - Ga201;R$ 719,92
378;Cadeira Gamer ThunderX3 TGC12, Até 150Kg, Reclinável, Com Almofadas, Gás Classe 4, Preto E Vermelho;R$ 1.086,10
379;Cadeira Gamer Alpha Gamer Polaris Racing Edition, Até 150Kg, Cilindro de Gás 4, Descanso de Braço  4D, Preto e Azul - AGPOLARISRE-BK-BL;R$ 899,99
380;Mesa Gamer Escrivaninha, Tecno, Nicho - Preto e Verde;R$ 339,90
381;Cadeira Gamer MoobX GT Racer Peso Suportado (kg): 120;R$ 839,90
382;Cadeira Gamer Dt3 Nero Graphite 13748-3, Revestimento Com Tecido, Braco 3d, Ajuste Altura E Inclinacao, U Unica;R$ 2.005,44
383;Cadeira Gamer Warrior Tongea, Até 120 Kg, Verde - GA160;R$ 769,90
384;Cadeira Gamer Racer X, Reclinável, Peso máximo suportado: 130 Kg, Azul;R$ 834,09
385;Cadeira Gamer, Júpiter, Em Couro, Reclinável E Giratória - Vermelha;R$ 1.681,92
386;Cadeira Presidente Gamer, em Couro Pu, Preta e Azul, Pelegrin - Pel-3002;R$ 519,00
387;Cadeira Gamer Brazil PC Júpiter, Em Couro, Reclinável E Giratória, Castanho E Caramelo;R$ 1.022,76
388;Cadeira Gamer Dt3 Sports Girl Power V2,Com Almofadas Reclinavel Descanso De Braco, 1d+ Branco E Rosa, U Unica;R$ 1.206,54
389;Cadeira Gamer MoobX Thunder, Peso Suportado até 125Kg, Braços Reguláveis 2D, e Regulagem De Altura, Preto e Azul;R$ 1.104,15
390;Cadeira Gamer XT Racer Viking, Reclinável, Ergonômica, Couro Sintético, Preto e Azul;R$ 1.044,05
391;Cadeira Gamer Thunderx3 BC3 CAMO/AZ Admiral, Peso Suportado até 120Kg, Ergonômica, Reclinável, Camuflada;R$ 976,36
392;Cadeira Gamer Thunderx3 Ec1, Suporta Até 120kg, Cilindro De Gás, Almofadas, Preto E Branco - 78234;R$ 929,84
393;Cadeira Gamer Shopb Claire, Reclinável E Giratória, Peso Suportado: Até 120kg, Preta;R$ 545,36
394;Cadeira Gamer Alpha Gamer Nimbus, Até 125 kg, Apoio de Braço 4D, Reclinável, Preto e Vermelho - AGNIMBUSBKRED;R$ 1.129,99
395;Cadeira Gamer Moobx Thunder Preto;R$ 899,99
396;Cadeira Gamer Cougar Armor Evo Royal, Até 160kg - 3mevoglb.0001;R$ 3.338,33
397;Cadeira Gamer Gamdias Zelus M3 L Bo, Até 140Kg, Preto E Laranja;R$ 1.389,06
398;Cadeira Gamer, XT Racer Taycan, Escritório, Ergonômica, Reclinável, Couro Sintético, Preto;R$ 1.234,05
399;Cadeira Gamer Fortrek Holt, Black - 70501;R$ 599,99
400;Cadeira Gamer Infantil Em Couro Pvc Pelegrin Pel-9354, até 60kg - Preto Com Branco;R$ 239,00
401;Cadeira Gamer Thunderx3 Tgc12, Evo Edição Limitada, até 125 kg, Ergonômica, Braço Bidirecional, Vermelha;R$ 1.189,99
402;Cadeira Gamer Prizi Kombat, Até 130KG, Vermelha - JX-1001R;R$ 699,90
403;Cadeira Gamer Vinik Rocket Preta Com Vermelho - Cgr10pvm;R$ 655,51
404;Cadeira Gamer Racer X Comfort, Vermelha, Peso máximo suportado: 100 Kg;R$ 739,09
405;Cadeira Gamer Mx5 Giratória Branco E Azul Marinho - Mymax;R$ 764,15
406;Cadeira Gamer, Galax, GC-01 RGB - Preto;R$ 3.029,90
407;Cadeira Gamer Racer X Comfort, 100Kg, Preta;R$ 739,09
408;Cadeira Gamer Thunderx3 EC1, Peso Suportado até 150Kg, AIR Tech, Preto;R$ 929,84
409;Cadeira Gamer Cruiser Fortrek, Suporta até 135Kg, Ajustável, Butterfly, Preta;R$ 1.148,66
410;Cadeira Gamer Xt Racer Platinum W Series Cor:vinho;R$ 1.329,05
411;Cadeira Gamer, XT Racer Draco, Reclinável Ergonômica, Tecido Polyester, Preto e Azul.;R$ 1.804,05
412;Cadeira Gamer Husky Gaming Hailstorm 900, Preto e Azul, Com Almofadas, Reclinável com Sistema Frog, Descanso de Braço 3D - HGMA088;R$ 949,99
413;Cadeira Gamer Cooler Master Caliber X2, Preto;R$ 2.503,34
414;Cadeira Gamer Greatek Giratória, Até 150Kg, Estofada, Preta;R$ 579,00
415;Cadeira Gamer Racer X Reclinável Rosa;R$ 834,09
416;Cadeira Gamer Em Couro PU, Reclinável - PEL-C215;R$ 529,00
417;Cadeira Gamer Mx5, 150kg, Giratória, Com almofadas, Reclinável, Preto/Vermelho;R$ 664,05
418;Cadeira Gamer Mymax Mx12, Giratória, Preto/Verde;R$ 764,15
419;Cadeira Gamer XT Racer Viking, Com Apoio De Pés Reclinável, Ergonômica, Couro Sintético, Preto e Amarelo;R$ 1.139,05
420;Cadeira Gamer Sakes, Peso Máximo Suportado (Kg): 100kg, Azul - INP21003;R$ 449,90
421;Cadeira Gamer Gallant Pro, Até 140 Kg, Giratória, Altura Regulável, Preto e Vermelho;R$ 1.059,00
422;Cadeira Gamer Pelegrin, Em Couro PU, Reclinável, Preta E Vermelha - PEL-3003;R$ 699,00
423;Cadeira Gamer Escritório Cougar Fusion Sf,Preta E Laranja;R$ 978,96
424;Cadeira Gamer Pelegrin Pel-3023 Reclinável Com Led Preta;R$ 599,00
425;Cadeira Gamer Mymax Mx17, 150kg, Giratória, Preto;R$ 849,15
426;Cadeira Gamer DN2, Preto e Azul, Draxen;R$ 594,15
427;Cadeira Gamer New, Até 120 Kg, Verde - WG-02;R$ 614,88
428;Cadeira Gamer Cougar Armor Titan Pro - 3MTITANS.0001;R$ 2.788,45
429;Cadeira Gamer Gc200, Estofado Em Couro Sintético, 100kg, Preto e Laranja;R$ 902,41
430;Cadeira Gamer Racer X, Reclinável, Vermelha, Peso máximo suportado: 130 Kg;R$ 834,09
431;Cadeira Gamer Gallant Pro Giratória, Altura Regulável, Preta - GCD10GPUB-AZ;R$ 999,00
432;Cadeira Gamer Kids Em Couro Pu, Preta e Verde, Pelegrin - Pel-9353;R$ 289,00
433;Cadeira Gamer XT Racer Attack Reclinável Ergonômica Couro Sintético - Preto e Azul;R$ 949,05
434;Cadeira Gamer Thunderx3 Tgc12, Evo Edição Limitada, até 125 kg, Ergonômica, Braço Bidirecional, Azul;R$ 1.998,89
435;Cadeira Gamer Alpha Gamer Zeta Black Blue - AGZETA-BK-BL;R$ 734,99
436;Cadeira Gamer Noblechairs Hero, Black White - NBL-HRO-PU-BPW;R$ 2.049,99
437;Cadeira Gamer Fox Racer Nordic, 125kg, Courino, Encostos Ajustável, Preto;R$ 699,00
438;Cadeira Gamer Cougar Terminator, Até 135Kg - Ref.3mternxb.0001;R$ 6.120,95
439;Cadeira Gamer Draxen DN2, Até 150kg, Com Almofadas, Reclinável, Descanso de Braço 2D, Preto e Azul Celeste - DN002-BLS;R$ 674,99
440;Cadeira Gamer Fortt Mendoza, Vermelha - Cgf002-V;R$ 429,00
441;Cadeira Gamer Gallant Racer, Até 140 Kg, Giratória, Altura Regulável, Preta E Vermelha - GCD100RPUA-PT;R$ 1.259,00
442;Cadeira Gamer Dt3 Elise Fabric V2 13445-7, Cinza, Com Almofadas Reclinavel E Com Descanso De Braco, 1d U Unica;R$ 1.613,92
443;Cadeira Office Elements Lunari, Espuma D50, Mecanismo Frog, Cream;R$ 3.499,00
444;Cadeira Gamer Level Lv-c01dn, Preto;R$ 551,00
445;Cadeira Gamer Husky Gaming Hailstorm 900, Preto e Vermelho, Com Almofadas, Reclinável com Sistema Frog, Descanso de Braço 3D - HGMA085;R$ 1.329,99
446;Cadeira Gamer Mymax MX0, Até 120Kg, Giratória, Preto e Azul;R$ 424,15
447;Cadeira Gamer Fortrek Black Hawk, Peso Suportado até 140Kg, Altura Ajustável, Preto e Vermelho;R$ 976,36
448;Cadeira Gamer ELG Drakon, Peso Máx. Suportado 140Kg, Ajuste de altura com sistema Butterfly, Preto - Ch31bk;R$ 799,00
449;Cadeira Gamer Elements Magna, até 150 kg, Ergonômica, De Tecido, Preto;R$ 2.765,00
450;Cadeira Gamer Cougar Armor Titan Pro Royal,  até 160kg, Com Almofadas, Reclinável, Preta - 3MTITANR.0001;R$ 2.923,50
451;Cadeira Gamer Gamdias Zelus M3 Weave Lb, Até 140Kg - Cinza E Preto;R$ 981,75
452;Cadeira Gamer Husky Gaming Storm, Preto e Verde, Com Almofadas, Reclinável, Descanso de Braço 2D - HST-BG;R$ 599,99
453;Cadeira Gamer Pelegrin, Couro Pu, Preto E Vermelha - PEL-3006;R$ 479,00
454;Cadeira Gamer Pelegrin em Couro Pu, Reclinável, Suporta até 150Kg, Preta e Verde - Pel-3018;R$ 599,00
455;Cadeira Gamer Elite V2 Dazz, Até 100kg, Preta, 62000148;R$ 699,99
456;Cadeira, Dt3sports, Elise, Blue;R$ 1.827,21
457;Cadeira Gamer XT Racer Viking, Reclinável, Ergonômica, Couro Sintético, Preto e Branco..;R$ 1.044,05
458;Cadeira Gamer Greatek Reclinável, Até 150Kg, Estofada, Roxa e Preta;R$ 829,00
459;Cadeira Gamer, XT Racer, Fire Gun, Reclinável Ergonômica, Couro sintético, Preto.;R$ 1.519,05
460;Cadeira Gamer Infantil Em Couro Pvc Pelegrin Pel-9354, até 60kg - Preto Com Amarelo;R$ 239,00
461;Cadeira Gamer Cooler Master Caliber R1s - Camo Sakura Edição Especial, Suporta: 150kg;R$ 1.119,90
462;Cadeira Gamer Mymax MX1, Peso Suportado até 120Kg, Giratória, Preto e Branco;R$ 700,92
463;Cadeira Gamer Elements Gaming Elemental TERRA, Verde;R$ 1.006,11
464;Cadeira Gamer Pcyes Mad Racer V8 Turbo, até 180kg, Inclinação 135º, ergonômica, estofado de poliéster  Vermelha - V8tbmadvm;R$ 1.441,86
465;Cadeira Gamer Fortrek Black Hawk, Peso Suportado até 140Kg, Espuma moldada por injeção, Preta e Rosa - Fkcrpp;R$ 837,78
466;Cadeira Gamer Snake Gaming, Mamba Negra, Reclinável 9183 - Preto e Branco;R$ 679,90
467;Cadeira Gamer DT3Sports Elise Fabric, Suporta até 130Kg, Azul;R$ 1.748,84
468;Cadeira Gamer Cougar Armor One 3MARONXB-0001, Preta e Laranja;R$ 1.806,70
469;Cadeira Gamer Husky Gaming Blizzard 970, com Almofadas, Acabamento Alcantara, Reclinável com Sistema Frog, Creme e Vermelho  - HGMA134;R$ 1.499,99
470;Cadeira Dxracer Dog (jk004-nw);R$ 1.780,62
471;Cadeira Gamer Elements Gaming Magna, Até 150Kg, Ergonômica, Linho Marrom;R$ 2.765,00
472;Cadeira Gamer Pelegrin, Reclinável, Preta E Cinza - PEL-3018;R$ 599,00
473;Cadeira Thunderx3 Tc3, até 125 kg, Rotação de 360 grau, Azure Blue;R$ 1.506,06
474;Cadeira Gamer Fortrek Vickers, Preta;R$ 984,55
475;Cadeira Gamer, Fifa Qatar 2022, Checkpoint, Vermelho Com Branco - MT-2000 BW1;R$ 1.259,10
476;Cadeira Gamer Cruiser Fortrek, Suporta até 135Kg, Preto/Rosa;R$ 1.148,66
477;Cadeira Gamer Racer X Comfort, Laranja.;R$ 739,09
478;Cadeira Gamer, XT Racer Viking, Com Apoio De Pés Reclinável, Ergonômica, Couro Sintético, Preto e Vermelho.;R$ 1.139,05
479;Cadeira Gamer ThunderX3 EC3, Suporta até 150Kg, Preta/Vermelha;R$ 1.059,90
480;Cadeira Gamer Comet Vinik, Branca, Ergonômica, Reclinável Com Apoio De Braço 2d E Ajuste De Altura;R$ 730,15
481;Cadeira Gamer Galax Giratória Gc-01 Rgb, Preta - Rg01p4dby0;R$ 1.938,76
482;Cadeira Gamer Pelegrin Pel-3009, Couro PU - Preta, Vermelha E Azul;R$ 479,00
483;Cadeira Gamer Falcon, Fury,Vermelha;R$ 499,90
484;Cadeira Gamer Sharkoon Elbrus 2, Black Blue;R$ 1.549,99
485;Cadeira Gamer Design Office Diretor, Linha Gamer Racing, ate 110 Kg, Sem Almofada, Azul Claro com Preto;R$ 3.593,36
486;Cadeira Gamer Design Office Diretor, Linha Gamer Racing, ate 110 Kg, Sem Almofada, Azul com Preto;R$ 3.593,36
487;Cadeira Gamer Para Escritório, Linha Gamer Racing, Vermelho;R$ 4.125,71
488;Cadeira Gamer Para Escritório, Linha Gamer Racing, Verde;R$ 4.125,71
489;Cadeira Gamer, Interlocutor, Linha Gamer Racing - Cinza;R$ 3.593,36
490;Cadeira Gamer Para Escritório, Linha Gamer Racing, Cinza;R$ 4.125,71
491;Cadeira Gamer Design Office Diretor, Linha Gamer Racing, ate 110 Kg, Sem Almofada, Vinho com Preto;R$ 3.593,36
492;Cadeira Gamer Design Office Diretor, Linha Gamer Racing, ate 110 Kg, Sem Almofada, Cinza Claro com Preto;R$ 3.593,36
493;Cadeira Gamer Design Office Diretor, Linha Gamer Racing, ate 110 Kg, Sem Almofada, Café com Preto;R$ 3.593,36
494;Cadeira Gamer Design Office Diretor, Linha Gamer Racing, ate 110 Kg, Sem Almofada, Bege com Preto;R$ 3.593,36
495;Cadeira Gamer Design Office, Linha Gamer Racing, Com Almofada, Regulavel, Rosa Claro com Preto;R$ 4.299,00
496;Cadeira Gamer Design Office, Linha Gamer Racing, Com Almofada, Regulavel, Rosa Pink com Preto;R$ 4.299,00
497;Cadeira Gamer Design Office, Linha Gamer Racing, Com Almofada, Regulavel, Marrom com Preto;R$ 4.299,00
498;Cadeira Gamer Para Escritório, Linha Gamer Ravenna, Vermelho;R$ 2.959,00
499;Cadeira Gamer Para Escritório, Linha Gamer Racing, Branco;R$ 4.125,71
500;Cadeira Gamer Design Office Diretor, Linha Gamer Racing, ate 110 Kg, Sem Almofada, Azul Claro com Preto;R$ 3.593,36
501;Cadeira Gamer Design Office Diretor, Linha Gamer Racing, ate 110 Kg, Sem Almofada, Azul com Preto;R$ 3.593,36
502;Cadeira Gamer Para Escritório, Linha Gamer Racing, Vermelho;R$ 4.125,71
503;Cadeira Gamer Para Escritório, Linha Gamer Racing, Verde;R$ 4.125,71
504;Cadeira Gamer, Interlocutor, Linha Gamer Racing - Cinza;R$ 3.593,36
505;Cadeira Gamer Para Escritório, Linha Gamer Racing, Cinza;R$ 4.125,71
506;Cadeira Gamer Para Escritório, Linha Gamer Racing, Marrom;R$ 4.125,71
507;Cadeira Gamer Design Office Móveis Interlocutor Linha Gamer Racing, Peso recomendado: até 120 kg, Verde;R$ 3.593,36
508;Cadeira Gamer Design Office Móveis Base Giratória Com Braço, Linha Gamer Racing - Vermelho;R$ 4.125,71
509;Cadeira Gamer Design Office Diretor, Linha Gamer Racing, ate 110 Kg, Sem Almofada, Preto com Preto;R$ 3.593,36
510;Cadeira Gamer Design Office Diretor, Linha Gamer Racing, ate 110 Kg, Sem Almofada, Marrom com Preto;R$ 3.593,36
511;Cadeira Gamer Design Office Diretor, Linha Gamer Racing, ate 110 Kg, Sem Almofada, Laranja com Preto;R$ 3.593,36
512;Cadeira Gamer Design Office Móveis Interlocutor Linha Gamer Racing, Peso recomendado: até 120 kg, Rosa;R$ 3.593,36
513;Cadeira Gamer Design Office Móveis Interlocutor Linha Gamer Racing, Peso recomendado: até 120 kg, Vermelho;R$ 3.593,36
514;Cadeira Gamer, Giratória Com Braço, Linha Gamer Racing - Azul;R$ 4.125,71
515;Cadeira Gamer Para Escritório, Linha Gamer Racing, Rosa;R$ 4.125,71
516;Cadeira Gamer, Interlocutor, Linha Gamer Racing - Amarelo;R$ 3.593,36
517;Cadeira Gamer Design Office Diretor, Linha Gamer Racing, ate 110 Kg, Sem Almofada, Verde Água com Preto;R$ 3.593,36
518;Cadeira Gamer Design Office Diretor, Linha Gamer Racing, ate 110 Kg, Sem Almofada, Verde com Preto;R$ 3.593,36
519;Cadeira Gamer Design Office, Linha Gamer Racing, Com Almofada, Regulavel, Verde com Preto;R$ 4.299,00
520;Cadeira Gamer Design Office, Linha Gamer Racing, Com Almofada, Regulavel, Telha com Preto;R$ 4.299,00
521;Cadeira Gamer Design Office, Linha Gamer Racing, Com Almofada, Regulavel, Roxo com Preto;R$ 4.299,00
522;Cadeira Gamer Base Giratória Com Braço Linha Gamer Racing;R$ 3.593,36
523;Cadeira Gamer Tr-max, Até 120 Kg, de Couro, Giratória, Ajustável - Preta;R$ 1.055,70
524;Cadeira Gamer, Preto Com Vermelho, Cl-cm081 - Clanm;R$ 1.355,09
525;Cadeira Gamer Design Office Móveis, Giratória Linha Gamer Racing - Amarelo;R$ 4.125,71
526;Cadeira Gamer, Interlocutor, Linha Gamer Racing - Vermelho;R$ 3.593,36
527;Cadeira Gamer Design Office, Linha Gamer Racing, Com Almofada, Regulavel, Azul com Preto;R$ 4.299,00
528;Cadeira Gamer Amarelo Com Almofada Linha Gamer Racing;R$ 4.299,00
529;Cadeira Gamer Para Escritório, Linha Gamer Racing, Cinza Claro;R$ 4.125,71
530;Cadeira Gamer Greatek, Até 150Kg, Reclinável, Estofada, Azul e Preta;R$ 849,00
531;Cadeira Gamer Dn2 Preto/azul Celeste - Draxen;R$ 594,15
532;Cadeira Gamer Cougar Armor Evo, Até 160kg  - 3mevoorb.0001;R$ 3.338,33
533;Cadeira Gamer Shopb Claire, Reclinável E Giratória - Preta E Vermelha;R$ 827,33
534;Cadeira Gamer Cooler Master, Caliber R1- Preto e Roxo, Cmi-gcr1 2018.;R$ 1.524,02
535;Cadeira Gamer G-hox, Preto, vermelho - Ch-7001;R$ 799,00
536;Cadeira Gamer Neologic Sirius, Pistão Classe 4, 4d, Reclinável Até 160, Preto,  Até 150kg - Nsirbl;R$ 1.102,06
537;Cadeira Gamer Aerocool Air, Preto E Vermelho - Ac40c;R$ 934,15
538;Cadeira Gamer Dt3 Sports Mizano Fabric - Preto;R$ 1.495,40
539;CADEIRA GAMER DT3 SPORTS NERO SYRAH COM APOIO LOMBAR 4D;R$ 3.245,89
540;Cadeira Gamer Grigio Dt3 Sports - Cinza;R$ 1.331,40
541;Cadeira Gamer, Predator Com Acabamento Premium, Espuma De Alta Densidade;R$ 2.799,00
542;Cadeira Gamer Viper Pro Preta, verde, Naja;R$ 934,92
543;Cadeira Gamer Fratini Fair, ate 120 kg, Com Revestimento Em Couro E Ajuste Reclinável;R$ 1.524,12
544;Cadeira Gamer Primex V2 Preto/vermelho, 62000153,;R$ 816,91
545;Cadeira Gamer Escritório Bright - Preta E Amarela - 605;R$ 599,00
546;Cadeira Presidente X-line Xt Office, Até 100 Kg - Xto-013;R$ 949,05
547;Cadeira Gamer Redragon Metis, Preta e Vermelha  C102-BR;R$ 1.726,11
548;Cadeira Gamer Pelegrin Em Couro Pu Reclinável Pel-3012 Preta E Cinza;R$ 689,00
549;Cadeira Presidente Gamer Em Couro Pu, Preta E Verde Pelegrin - PEL-3002;R$ 519,00
550;Cadeira Gamer Pelegrin, Em Couro PU, Reclinável, Preta E Verde - PEL-3012;R$ 689,00
551;Cadeira Gamer Pelegrin, Couro Pu Preta, Vermelha E Verde - PEL-3009;R$ 479,00
552;Cadeira Gamer Pelegrin Em Couro Pu, Reclinável, Preta E Azul - Pel-3013;R$ 559,00
553;Cadeira Gamer Pelegrin Em Couro Pu, Reclinável, Preta E Vermelha - PEL-3013;R$ 559,00
554;Cadeira Gamer Pelegrin Pel-3005 Preta E Verde;R$ 379,00
555;Cadeira Presidente Gamer, Em Couro Pu, Preta e Vermelho, Pelegrin - Pel-3002;R$ 519,00
556;Cadeira Gamer BRX 719, Até 120Kg, Vermelho E Preto;R$ 595,00
557;Cadeira Gamer Sun House Hawker, Em Courino, Preto E Cinza - 61951;R$ 981,90
558;Cadeira Gamer Thunderx3 Tc3 Sakura Black Rosa;R$ 1.554,89
559;Cadeira Thunderx3 Tc3, até 125 kg, Rotação de 360 grau, Sakura White;R$ 1.505,94
560;Kit 2 Cadeiras Gamer Stillus Ergonômica, Com Apoio Para Os Pés, Dourada;R$ 1.075,90
561;Cadeira Gamer Neologic Viper, Pistão Classe 4, 2d, Preto E Branco, Até 150kg - Nviwhi;R$ 772,16
562;Kit 2 Cadeiras Gamer Stillus Ergonômica, Com Apoio Para Os Pés, Preta, Branca;R$ 1.074,90
563;Kit 2 Cadeiras Gamer Stillus Ergonômica, Com Apoio Para Os Pés, Azul;R$ 1.075,90
564;Cadeira Gamer Neologic Draco, Pistão Classe 4, Reclinável Até 180, Preto, Suporta Até 150KG - NDRABL;R$ 579,00
565;Cadeira Gamer Fox Racer Nordic, Peso Max 125KG, RGB, Encostos Ajustável, Preto;R$ 999,00
566;Cadeira Gamer Design Office Móveis Para Escritório Linha Gamer Cagliari Rosa;R$ 2.750,00
567;Cadeira Gamer Interlocutor  Verde Linha Gamer Racing;R$ 3.593,36
568;Cadeira Gamer Para Escritório, Linha Gamer Racing, Laranja;R$ 4.125,71
569;Cadeira Gamer Design Office Móveis Interlocutor Linha Gamer Racing, Peso recomendado: até 120 kg, Roxo;R$ 3.593,36
570;Cadeira Gamer Para Escritório, Linha Gamer Racing, Verde;R$ 4.125,71
571;Cadeira Gamer Com Almofada, Cinza, Linha Gamer Racing;R$ 4.299,00
572;Cadeira Gamer Design Office, Linha Gamer Racing, Com Almofada, Regulavel, Cinza com Preto;R$ 4.299,00
573;Cadeira Gamer Design Office, Linha Gamer Racing, Com Almofada, Regulavel, Azul Claro com Preto;R$ 4.299,00
574;Cadeira Gamer Design Office Móveis, Até 120 Kg,  Base com Braço,  Vermelho;R$ 3.593,36
575;Cadeira Gamer Design Office Diretor, Linha Gamer Racing, ate 110 Kg, Sem Almofada, Roxo com Preto;R$ 3.593,36
576;Cadeira Gamer Design Office, Linha Gamer Racing, Com Almofada, Regulavel, Verde Escuro com Preto;R$ 4.299,00
577;Cadeira Gamer Para Escritório, Linha Gamer Racing, Amarelo;R$ 4.125,71
578;Cadeira Gamer Para Escritório, Linha Gamer Cagliari - Azul;R$ 2.750,00
579;Cadeira Gamer Para Escritório, Linha Gamer Racing, Verde;R$ 4.125,71
580;Cadeira Gamer Para Escritório, Linha Gamer Racing, Preto;R$ 4.125,71
581;Cadeira Gamer, Giratória, Linha Gamer Racing - Amarelo;R$ 4.125,71
582;Cadeira Gamer Base Fixa Com Braço Linha Gamer Racing Azul;R$ 2.756,81
583;Cadeira Gamer Base Giratória Com Braço Linha Gamer Racing;R$ 3.593,36
584;Cadeira Gamer Design Office Diretor, Linha Gamer Racing, ate 110 Kg, Sem Almofada, Rosa Claro com Preto;R$ 3.593,36
585;Cadeira Gamer Design Office Diretor, Linha Gamer Racing, ate 110 Kg, Sem Almofada, Amarelo Mostarda com Preto;R$ 3.593,36
586;Cadeira Gamer Design Office, Linha Gamer Racing, Com Almofada, Regulável, Vermelho com Preto;R$ 4.299,00
587;Cadeira Gamer, Giratória Linha Gamer, Racing Amarelo - Azul;R$ 4.125,71
588;Cadeira Gamer Design Office Diretor, Linha Gamer Racing, ate 110 Kg, Sem Almofada, Cinza com Preto;R$ 3.593,36
589;Cadeira Gamer Design Office Móveis Giratória Com Braço, Linha Gamer Racing - Azul;R$ 4.125,71
590;Cadeira Gamer Para Escritório, Linha Gamer Racing, Rosa;R$ 4.125,71
591;Cadeira Gamer Para Escritório, Linha Gamer Racing, Verde;R$ 4.125,71
592;Cadeira Gamer Design Office Móveis Interlocutor, Linha Gamer Racing, até 120 kg, Bege;R$ 3.593,36
593;Cadeira Gamer Interlocutor  Azul Linha Gamer Racing;R$ 3.593,36
594;Cadeira Gamer Design Office Diretor, Linha Gamer Racing, ate 110 Kg, Sem Almofada, Verde Limão com Preto;R$ 3.593,36
595;Cadeira Gamer Design Office Móveis Base Giratória Com Braço Linha Gamer Racing - Vermelho;R$ 4.125,71
596;Cadeira Gamer, Interlocutor, Linha Gamer Racing - Marrom;R$ 3.593,36
597;Cadeira Gamer Tr-max, Até 120 Kg, de Couro, Giratória, Ajustável - Vermelha;R$ 1.055,70
598;Cadeira Gamer, Xtreme Gamers, Maximum, até 120 Kgs, Reclinável, Braços Fixos, Preta E Vermelha;R$ 1.610,90
599;Cadeira Gamer, Preto Com Branco, Cl-cm081 - Clanm;R$ 1.355,10
600;Cadeira Gamer Falcon,Fury,Azul;R$ 499,90
601;Cadeira Gamer Giratoria Preta;R$ 1.068,66
602;Cadeira Gamer OexGame Gc500, Com LED E Controle Remoto, Até 120Kg, Cilindro Classe 4, 2 Almofadas Removíveis, Preto E Cinza;R$ 2.184,05
603;Cadeira Gamer Redragon Coeus, Preto E Verde - C201-bg;R$ 1.360,00
604;Cadeira Gamer  Clanm,Preta E Cinza Mount;R$ 1.117,90
605;Cadeira Office Xt Racer, Até 136 Kg - X-art Xto-002;R$ 2.001,09
606;Cadeira Gamer Mymax Mx15, Giratória, Preto/Vermelho;R$ 849,15
607;Cadeira Gamer Redragon, Coeus, Preta/azul - C201-bb;R$ 1.828,17
608;CADEIRA GAMER DT3 SPORTS RHINO FABRIC COSMOS 13247-7;R$ 3.605,95
609;Cadeira Gamer Cooler Master Caliber R3,Preto;R$ 1.823,00
610;Cadeira Gamer G-hox,  Preto, azul - Ch-7026;R$ 599,00
611;Cadeira Gamer G-hox Preto, branco - Ch-7001;R$ 799,00
612;Cadeira Gamer Thunderx3 Tgc12, Evo Edição Limitada, até 125 kg, Ergonômica, Braço Bidirecional, Verde;R$ 1.998,89
613;Cadeira Dt3office Celeste Black Peso máximo recomendado  120kg cilindro classe 3.85mm;R$ 1.293,44
614;Cadeira Gamer Overseas Overx Pro Opt, Até 120Kg, Ergonômica/Giratória, Preto E Vermelho;R$ 1.099,90
615;Cadeira Gamer Pelegrin Pel-3011, Preta E Vermelha;R$ 499,00
616;Cadeira Gamer Pelegrin Em Couro Pu, Preta E Vermelha - PEL-3017;R$ 379,00
617;Cadeira Gamer Pelegrin Pel-3015, Em Couro PU, Reclinável - Preta E Verde;R$ 439,00
618;Cadeira Gamer Pelegrin, Couro Pu Preta, Vermelha E Cinza - PEL-3009;R$ 479,00
619;Cadeira Gamer Pelegrin, Em Couro PU, Reclinável, Preta E Azul - PEL-3003;R$ 699,00
620;Cadeira Gamer Pelegrin Pel-3011, Preta E Azul;R$ 499,00
621;Cadeira Gamer Or Design F16, Peso Máx. Suportado 120Kg, Resistente, Preto- OR-3318PRETA;R$ 1.171,90
622;Cadeira Gamer Razer Iskur X - Rz38-02840100-r3u1;R$ 1.649,00
623;Cadeira Ergonômica Thunderx3 Xtc, Peso Máximo Suportado: 150kg, Mesh Black;R$ 2.899,00
624;Cadeira Gamer  Ideal, Giratória, 76x32x59cm;R$ 499,00
625;Cadeira Gamer Ideal, Giratória, 78x32x65cm;R$ 599,00
626;Cadeira Gamer G-hox, Preto, vermelho - Ch-7026;R$ 599,00
627;Kit 2 Cadeiras Gamer Stillus Ergonômica, Com Apoio Para Os Pés, Preto E Rosa;R$ 1.074,90
628;Cadeira Gamer Thunderx3 Ec3, até 125 kg, com almofadas, Ajustável, Air Tech, Laranja;R$ 1.317,34
629;Cadeira Thunderx3 Tc3, até 125 kg, Rotação de 360 grau, Neon Green;R$ 1.348,36
630;Cadeira Gamer Pelegrin Em Couro Pu, Preta E Azul - PEL-3017;R$ 379,00
631;Cadeira Gamer Multi Sense Viper,  Até 130Kg, Azul  - Ga227;R$ 994,41
632;Cadeira Gamer Pelegrin, Preta E Cinza - PEL-3005;R$ 379,00
633;Cadeira Gamer BRX 702, Até 150Kg, Preto E Vermelha;R$ 763,02
634;Cadeira Gamer Sense Viper Multi, Até 130Kg, Preta - Ga226;R$ 994,41
635;Cadeira Gamer Dt3 Sports Elise, Series 14061-2, Rosa, Com Ajuste De Altura E Inclinacao;R$ 1.265,11
636;Cadeira Gamer Design Office Diretor, Linha Gamer Racing, ate 110 Kg, Sem Almofada, Verde Escuro com Preto;R$ 3.593,36
637;Cadeira Gamer Design Office Diretor, Linha Gamer Racing, ate 110 Kg, Sem Almofada, Telha com Preto;R$ 3.593,36
638;Cadeira Gamer Design Office, Linha Gamer Racing, Com Almofada, Regulavel, Verde Água com Preto;R$ 4.299,00
639;Cadeira Gamer Design Office, Linha Gamer Racing, Com Almofada, Regulavel, Branco com Preto;R$ 4.299,00
640;Cadeira Gamer Design Office, Linha Gamer Racing, Com Almofada, Regulavel, Bege com Preto;R$ 4.299,00
641;Cadeira Gamer Base Fixa Com Braço Linha Gamer Racing Azul;R$ 2.756,81
642;Cadeira Gamer Base Giratória Com Braço Linha Gamer Racing;R$ 3.593,36
643;Cadeira Gamer, Interlocutor Linha Gamer Racing - Preto;R$ 3.593,36
644;Cadeira Gamer Base Fixa Com Braço Linha Gamer Racing Azul;R$ 2.756,81
645;Cadeira Gamer Design Office Móveis Gamer Racing, Até 120 Kg, Base com Braço, Vermelho;R$ 3.593,36
646;Cadeira Gamer Base Giratória Com Braço Linha Gamer Racing Amarelo;R$ 3.593,36
647;Cadeira Gamer, Giratória Com Braço, Linha Gamer, Racing Azul - Vermelho;R$ 4.125,71
648;Cadeira Gamer, Interlocutor, Linha Gamer Racing - Vermelho;R$ 3.593,36
649;Cadeira Gamer Design Office Diretor, Linha Gamer Racing, ate 110 Kg, Sem Almofada, Branco com Preto;R$ 3.593,36
650;Cadeira Gamer, Preto, Com Almofada, Linha Gamer Racing;R$ 4.299,00
651;Cadeira Gamer Design Office, Linha Gamer Racing, Com Almofada, Regulavel, Laranja com Preto;R$ 4.299,00
652;Cadeira Gamer Para Escritório, Linha Gamer Cagliari - Azul;R$ 2.750,00
653;Cadeira Gamer Para Escritório, Linha Gamer Racing, Roxo;R$ 4.125,71
654;Cadeira Gamer Para Escritório, Linha Gamer Cagliari, Vermelho;R$ 2.750,00
655;Cadeira Gamer Design Office Móveis Giratória, Linha Gamer Racing - Amarelo;R$ 4.125,71
656;Cadeira Gamer Design Office, Linha Gamer Racing, Com Almofada, Regulável, Vinho com Preto;R$ 4.299,00
657;Cadeira Gamer Base Fixa Com Braço Linha Gamer Racing Azul;R$ 2.756,81
658;Cadeira Gamer Base Giratória Com Braço Linha Gamer Racing;R$ 3.593,36
659;Cadeira Gamer Base Giratória Com Braço Linha Gamer Racing Vermelho;R$ 4.125,71
660;Cadeira Gamer Para Escritório Linha Gamer Cagliari Laranja;R$ 2.750,00
661;Cadeira Gamer Para Escritório, Linha Gamer Racing, Marrom;R$ 4.125,71
662;Cadeira Gamer Design Office Móveis Para Home Office Linha Gamer Blenda Amarelo;R$ 2.345,00
663;Cadeira Gamer Para Escritório, Linha Gamer Racing, Bege;R$ 4.125,71
664;Cadeira Gamer Atacadeiras, Até 120 kg, Com Iluminação LED, Preto;R$ 1.006,88
665;Cadeira Gamer Tr-max, Até 120 Kg, de Couro, Giratória, Ajustável - Azul;R$ 1.055,70
666;Cadeira Gamer Para Escritório, Linha Gamer Cagliari - Azul;R$ 2.750,00
667;Cadeira Gamer Design Office Diretor, Linha Gamer Racing, ate 110 Kg, Sem Almofada, Branco com Preto;R$ 3.593,36
668;Cadeira Gamer, Preto, Com Almofada, Linha Gamer Racing;R$ 4.299,00
669;Cadeira Gamer Design Office, Linha Gamer Racing, Com Almofada, Regulavel, Laranja com Preto;R$ 4.299,00
670;Cadeira Gamer Design Office, Linha Gamer Racing, Com Almofada, Regulável, Vinho com Preto;R$ 4.299,00
671;Cadeira Gamer Design Office Móveis Interlocutor Linha Gamer Racing, Peso recomendado: até 120 kg, Azul;R$ 3.593,36
672;Cadeira Gamer Design Office Móveis Interlocutor Linha Gamer Racing, Peso recomendado: até 120 kg, Cinza;R$ 3.593,36
673;Cadeira Gamer Design Office Diretor, Linha Gamer Racing, ate 110 Kg, Sem Almofada, Vermelho com Preto;R$ 3.593,36
674;Cadeira Gamer Design Office Móveis Interlocutor Linha Gamer Racing, Peso recomendado: até 120 kg, Verde com Preto;R$ 3.593,36
675;Cadeira Gamer Design Office Móveis Interlocutor Linha Gamer Racing, Peso recomendado: até 120 kg, Verde;R$ 3.593,36
676;Cadeira Gamer, Interlocutor, Linha Gamer Racing - Vermelho;R$ 3.593,36
677;Cadeira Gamer, Giratória Com Braço, Linha Gamer, Racing Azul - Vermelho;R$ 4.125,71
678;Cadeira Gamer Estofada Camuflada Greatek;R$ 1.328,90
679;Cadeira Gamer Camuflada, Cl-cm039 - Clanm;R$ 1.355,08
680;Cadeira Gamer King Cl-ck047 - Clanm;R$ 1.920,00
681;Cadeira Gamer Aerocool Air, Preto E Azul - Ac40c;R$ 934,15
682;Cadeira Gamer Cougar Armor Elite Eva - 3melipnb.0001;R$ 1.058,25
683;Cadeira Gamer Falcon,Blaster Preto,Branca E Azul;R$ 825,00
684;Cadeira Gamer Falcon, Blaster Preto,Branca E Vermelha;R$ 825,00
685;Cadeira Gamer Draxen Dn3, Giratória, Até 150Kg, Preto/Verde;R$ 594,15
686;Cadeira Gamer Gxt 707r Resto Gaming Trust;R$ 1.274,41
687;Cadeira Gamer Clanm,Jungle Preta E Azul;R$ 809,90
688;Cadeira Gamer BRX 711, Até 120kg, Preto E Vermelho;R$ 602,95
689;Cadeira Gamer Evolut, Tanker, Azul, Reclinável, Almofada - Eg-900;R$ 1.507,90
690;Cadeira Gamer Reclinável, Greatek, Preto e Vermelho;R$ 992,21
691;Cadeira Gamer XT Racer Platinum, Reclinável, Ergonômica, Tecido Mesh Respirável, Preto e Verde;R$ 996,55
692;Cadeira Gamer Dt3 Sports Elise V2 13439-0, Cinza, Com Almofadas E Reclinavel, Suporta Ate 130kg, U Unica;R$ 1.258,75
693;Cadeira Gamer Dt3 Sports Nero, Até 150Kg, Preto V2;R$ 1.604,85
694;Cadeira Gamer Cooler Master Caliber X1c Cool-in - Cinza;R$ 3.213,00
695;Cadeira Gamer U Fit Black-Red Tt - Ggc-uft-brmwds-01;R$ 2.346,80
696;Cadeira Gamer Viper Pro Mamba, Até 120 Kg, Com Almofadas, Reclinável, Acolchoada, Giratória, Preta - Vi402 Cadmamba602;R$ 934,92
697;Cadeira Gamer Dt3 Elise Fabric V2 13446-8, Vermelho, Com Almofadas Reclinavel E Com Descanso De Braco, 1d U Unica;R$ 1.484,83
698;Cadeira Gamer Dt3 Sports Nero Elite, Cool Black - 13542-5;R$ 3.245,89
699;Cadeira Gamer OverX Pro Opt, Até 120Kg, Ergonômica, Giratória, Preto E Azul;R$ 1.099,90
700;Cadeira Gamer Greatek, Reclinavel, Estofada, Peso Suportado: 150 kg, Preta;R$ 899,00
701;Cadeira Gamer Pelegrin, Reclinável, Preta E Vermelha - PEL-3018;R$ 599,00
702;Cadeira Gamer Pelegrin, Em Couro PU, Reclinável, Preta E Vermelha - PEL-3012;R$ 689,00
703;Cadeira Gamer Pelegrin, Preta E Vermelha - PEL-3005;R$ 379,00
704;Kit - Mesa Gamer Pelegrin Pel-002p, Preta + Cadeira Gamer Pelegrin Pel-3017, Cinza;R$ 959,00
705;Cadeira Gamer Pelegrin, Preta E Azul - PEL-3005;R$ 379,00
706;Cadeira Diretor X-work Xt Office, Até 90 Kg - Xto-012;R$ 664,05
707;Cadeira Gamer Healer, Level Reclinável Giratória Com Apoio De Pés - Azul E Preto;R$ 629,90
708;Cadeira Office Xt Racer, Até 136 Kg - X-flex Xto-001;R$ 1.519,05
709;Cadeira Gamer Viper Pro Python Ata, Preta, Verde;R$ 649,90
710;Cadeira Gamer Pelegrin Em Couro Pu, Reclinável, Preta E Cinza - PEL-3013;R$ 559,00
711;Cadeira Gamer Thunderx3 Tgc12 Evo, até 125kg, com almofadas, Braço bidirecional, Couto Sintetico, Branca;R$ 1.386,68
712;Cadeira Gamer Thunderx3 Ec3, até 125 kg, com almofadas, Ajustável, Air Tech, Branca;R$ 1.317,34
713;Cadeira Gamer, Xtreme Gamers, Cinesis Ny, até 120 Kgs, Reclinável, Braços Fixos, Preta E Azul;R$ 1.399,90
714;Cadeira Gamer Xzone, Peso Suportado até  135Kg, Giratória, Preto e Verde - CGR-02;R$ 709,90
715;Kit 2 Cadeiras Gamer Stillus Ergonômica, Com Apoio Para Os Pés, Rosa;R$ 1.074,90
716;Kit 2 Cadeiras Gamer Stillus Ergonômica, Com Apoio Para Os Pés, Vermelho;R$ 1.075,90
717;Cadeira Gamer Fortrek, Cruiser, Preta/Vermelha, Reclinável;R$ 1.148,66
718;Cadeira Gamer Black Hawk Fortrek, Preta com Verde;R$ 976,36
719;Cadeira Gamer, MoobX, Profissional Thunder, Braços Reguláveis 2D e Regulagem De Altura;R$ 899,99
720;Cadeira Gamer, MoobX, Profissional Thunder, Braços Reguláveis 2D e Regulagem De Altura;R$ 999,90
721;Cadeira Gamer MoobX Nitro, Até 125 Kg, Com Regulagem de Altura e Reclinação 180°;R$ 799,90
722;Cadeira Gamer PRO-X Gaming Executiva, Reclinável, Giratóri Preto/Vermelho;R$ 949,90
723;Cadeira Gamer, Best, G500 - Preto com Azul;R$ 938,10
724;Cadeira Gamer ThunderX3 Camo/VD Military - BC3;R$ 976,36
725;Cadeira Gamer, MoobX, GT Racer;R$ 839,90
726;Cadeira Gamer Fortrek Vickers, Suporta até 135Kg, Preta/Verde;R$ 984,55
727;Cadeira Gamer Pcyes Mad Racer V8 Turbo, Verde - V8TBMADVD;R$ 1.441,86
728;Cadeira Gamer Pelegrin em Couro Pu, Reclinável, Suporta até 150Kg, Preta e Cinza - Pel-3003;R$ 699,00
729;Cadeira Gamer Fortrek Vickers, Suporta até 135Kg, Preta/Rosa;R$ 984,55
730;Cadeira Gamer ThunderX3 TC3, Peso Suportado até 125Kg, Apoio de Braços Bi-direcional, Ember Red;R$ 1.506,06
731;Cadeira Gamer Cruiser Fortrek, Suporta até 135Kg, Preta/Verde;R$ 1.148,66
732;Cadeira Gamer Fortrek Vickers, Peso Suportado até 135Kg, Mecanismo Butterfly, Azul - 70521;R$ 984,55
733;Cadeira Gamer ThunderX3 EC1, Suporta até 150Kg, Vermelha;R$ 929,84
734;Cadeira Gamer Home Office;R$ 1.827,28
735;Cadeira Gamer Pcyes Mad Racer V8 Turbo Pink - V8tbmadpk;R$ 1.441,86
736;Cadeira Gamer Gc200 - Oex Game - Preta;R$ 902,41
737;Cadeira Gamer Elg Black Hawk Ch05bkrd;R$ 1.476,90
738;Cadeira Gamer Top Tag, Giratória, Vermelho  - HS2706RD;R$ 1.099,99
739;Cadeira Gamer Pelegrin, Em Couro Pu, Reclinável, Preta e Verde - Pel-3013;R$ 559,00
740;Cadeira Gamer Pelegrin, Em Couro PU, Reclinável, Preta E Azul - PEL-3012;R$ 689,00
741;Cadeira Gamer Reclinável, Preta E Cinza, Kross - KE-GC101;R$ 799,00
742;Cadeira Gamer Reclinável, Preta E Vermelha, Kross - KE-GC100;R$ 799,00
743;Cadeira Gamer Reclinável Predator Com 2 Almofadas Zidi;R$ 1.729,90
744;Cadeira Gamer Reclinável Predator Com 2 Almofadas Zidi;R$ 1.729,90
745;Cadeira Gamer Reclinável Predator, Com 2 Almofadas - Zidi;R$ 1.729,90
746;Cadeira Office Pro Gamer G-force Preto E Azul - D´rossi;R$ 2.450,90
747;Cadeira Gamer Dust, Com Apoio para as Pernas, Retrátil - Vermelha;R$ 858,42
748;Cadeira Gamer New Star, Vermelho E Preto - WG-06;R$ 936,19
749;Cadeira Gamer Giratoria Branco Top Tag - HS927WT;R$ 965,60
750;Cadeira Gamer Moobx Thunder Preto E Vermelho;R$ 999,90
751;Cadeira Gamer Giratoria Verde, Top Tag - HS9201GR;R$ 877,27
752;Cadeira Gamer Giratoria Azul Top Tag - HS9201BL;R$ 877,27
753;Cadeira Gamer Reclinável Sparta Com 2 Almofadas Zidi;R$ 1.849,90
754;Cadeira Gamer Reclinável Sparta Com 2 Almofadas Zidi;R$ 1.849,90
755;Cadeira Gamer Home Office, Cinza E Rosa;R$ 690,68
756;Cadeira Gamer Giratoria Hs203i  Toptag;R$ 920,55
757;Cadeira Gamer Gc302, Estofado Em Couro, Sintético, 120kg, Preto e Laranja;R$ 1.299,51
758;Cadeira Gamer Gc301, Estofado Em Couro Sintético, 120kg, Preto e Laranja;R$ 1.424,91
759;Cadeira Gamer New WG-02, Vermelha;R$ 614,88
760;Cadeira Gamer F-New, Azul, Reclinável Giratória;R$ 919,77
761;Cadeira Gamer Top Tag Hs158bli - Azul E Preta;R$ 1.137,78
762;Cadeira Gamer Hoopson, Preto - CG-507;R$ 1.499,87
763;Cadeira Gamer Cooler Master Caliber R2, Até 150 Kg, Vermelha - CMI-GCR2-2019R;R$ 1.309,90
764;Cadeira Gamer Reclinável Greatek, Preto e Azul;R$ 787,55
765;Cadeira Gamer, Giratória Extreme F01, Preta/azul  - Mpozenato;R$ 1.023,90
766;Cadeira Gamer Dt3sports Rgb Estelar V3;R$ 2.299,00
767;Cadeira Gamer B.Hoff Mobile Reclinável E Relax, Com Iluminação LED RGB, Preta, Peso suportado: até 120 kg.;R$ 969,34
768;Cadeira Gamer Boxbit F16, Vermelha, Base Rodízio;R$ 846,09
769;Cadeira Gamer Boxbit F16 Army, Base Rodízio;R$ 1.038,87
770;Cadeira Gamer, Oexgame, Gc200, 100kg;R$ 902,41
771;Cadeira Gamer Stars, Com Encosto Reclinável, Mecanismo Backsystem, Preta E Azul, Capacidade Até 120Kg;R$ 630,22
772;Cadeira Gamer Boxbit Raptor, Preta E Cinza, Base Rodízio;R$ 578,34
773;Cadeira Gamer Dt3 Sports Rhino, Tecido De Algodao E Malha, Cool Black - 13292-7;R$ 3.723,00
774;Cadeira Gamer XT Racer Vulcan Reclinável Ergonômica Couro Sintético - Preto e Vermelho;R$ 1.234,05
775;Cadeira Gamer, XT Racer Fire Gun, Reclinável Ergonômica, Couro sintético, Preto e Prata.;R$ 1.519,05
776;Cadeira Gamer, XT Racer Draco, Reclinável Ergonômica, Tecido Polyester, Preto e Rosa.;R$ 1.804,05
777;Cadeira Gamer XT Racer Taycan Escritório Ergonômica Reclinável Couro Sintético - Preto e Cinza;R$ 1.234,05
778;Cadeira Gamer XT Racer Taycan Escritório Ergonômica Reclinável Couro Sintético - Preto e Vermelho;R$ 1.234,05
779;Cadeira Gamer, XT Racer Viking, Reclinável Ergonômica, Couro Sintético, Preto e Amarelo.;R$ 1.044,05
780;Cadeira Gamer XT Racer Vulcan Reclinável Ergonômica Couro Sintético Preto e Branco;R$ 1.234,05
781;Cadeira Gamer XT Racer Attack Reclinável Ergonômica Couro Sintético Preto e Amarelo;R$ 949,05
782;Cadeira Gamer XT Racer Defender, Reclinável Ergonômica, Tecido Polyester, Preto e Verde.;R$ 1.139,05
783;Cadeira Gamer XT Racer Attack Com Apoio De Pés Reclinável Ergonômica Couro Sintético - Preto e Amarelo;R$ 1.044,05
784;Cadeira Gamer XT Racer Vulcan Reclinável Ergonômica Couro Sintético Preto;R$ 1.234,05
785;Cadeira Gamer Husky Gaming Blizzard, Preto e Branco, Com Almofadas, Reclinável, Descanso de Braço 2D - HBL-BW;R$ ----
786;Cadeira Gamer DT3 Nero XL, Até 160Kg, Com Almofada, Descanso de Braço 4D, Graphite - 13639-2;R$ ----
787;Cadeira Gamer Mymax MX5, Até 150kg, Com Almofadas, Reclinável, Descanso de Braço 2D, Branco e Azul - MGCH-MX5/BLWH;R$ ----
788;Cadeira Gamer Husky Gaming Tempest 500, Preto e Azul, Com Almofadas, Descanso Para Pernas Retrátil, Reclinável - HGMA081;R$ ----
789;Cadeira Gamer DT3Sports Royce, com Almofada, Reclinável, Apoio de Braço 4D, Cool Black - 13291-6;R$ ----
790;Cadeira Gamer Husky Gaming Tempest 500, Preto, Com Almofadas, Descanso Para Pernas Retrátil, Reclinável - HGMA078;R$ ----
791;Cadeira Gamer Husky Gaming Tempest 700, Branco,  Com Almofadas, Descanso Para Pernas Retrátil, Reclinável - HGMA077;R$ ----
792;Cadeira Gamer DT3 Elise, Até 130 Kg, com Almofadas, Reclinável, Preto e Vermelho - 13442-4;R$ ----
793;Cadeira Gamer Husky Gaming Hailstorm, Preto e Branco, Com Almofadas, Reclinável, Descanso de Braço 2D - HHA-BW;R$ ----
794;Cadeira Gamer DT3sports Elise, Pink - 11834-7;R$ ----
795;Cadeira Gamer XT Racer Platinum W Series, Até 120kg, Com Almofadas, Reclinável, Descanso de Braço 3D, Azul - XTR-067;R$ ----
796;Cadeira Gamer Mymax MX7, Até 150kg, Com Almofadas, Reclinável, Descanso de Braço 2D, Preto Gold Edition - MGCH-002/BK;R$ ----
797;Cadeira Gamer Husky Gaming Storm, Preto e Branco, Com Almofadas, Reclinável, Descanso de Braço 2D - HST-BW;R$ ----
798;Cadeira Gamer DT3sports Royce Navy Blue - 11914-6;R$ ----
799;Cadeira Gamer DT3sports Modena, Black Blue - 10501-7;R$ ----
800;Cadeira Gamer Elements Magna Special,  até 150 kg, Ergonômico, Cinza;R$ ----
801;Cadeira Gamer Noblechairs HERO Elden Ring Edição Limitada, até 150Kg, Preto - PGW-NB-HGC-017;R$ ----
802;Cadeira Gamer DT3sports Romeo, Até 110kg, Com Almofadas, Reclinável, Descanso de Braço 3D, Preto e Azul - 11203-7;R$ ----
803;Cadeira Gamer DT3sports Modena, Black Red - 10504-0;R$ ----
804;Cadeira Gamer Alpha Gamer Kappa,  Até 150 kg, Apoio de Braço Acolchoado, Cilindro de Gás Classe 4, Preto e Azul - AGKAPPA-BK-BL;R$ ----
805;Cadeira DT3sports Elise Fabric Black - 12191-4;R$ ----
806;Cadeira Gamer Alpha Gamer Alegra, Até 150 kg, Apoio de Braço 4D, Mecanismo Frog, Apoio Lombar Ajustável, Cinza - AGALEGRA-PUL-GRY;R$ ----
807;Cadeira Gamer Alpha Gamer Polaris Racing Edition,  Até 150Kg, Cilindro de Gás 4, Descanso de Braço 4D, Preto - 5600413202906;R$ ----
808;Cadeira Gamer Corsair T2 Road Warrior, Até 136Kg, Apoio de Braço 4D, com Almofadas, Reclinável, Preto e Amarelo - CF-9010010-WW;R$ ----
809;Cadeira Gamer Alpha Gamer Polaris Office Edition, Até 150Kg, Cilindro de Gás 4, Descanso de Braço 4D, Preto e Castanho - AGPOLARISOE-BWN;R$ ----
810;Cadeira Gamer Husky Gaming Storm, Cinza, Preto e Branco, Com Almofadas, Reclinável, Descanso de Braço 3D - HST-GBW;R$ ----
811;Cadeira Gamer ThunderX3 TGC12 Profissional, Até 120kg, Com Almofadas, Reclinável, Descanso de Braço 2D, Branco e Preto - 78202;R$ ----
812;Cadeira Gamer Husky Gaming Snow Limited Edition, Preto, Cilindro de Gás Classe 4, Base em Metal, Roda em Nylon - HGMA054;R$ ----
813;Cadeira Gamer DT3sports Elise, Orange - 10636-6;R$ ----
814;Cadeira Gamer Corsair TC60 Fabric, Até 120Kg,  Apoio de Braços 3D, Reclinável, Cilindro de Gás Classe 4, Preto e Cinza - CF-9010035-WW;R$ ----
815;Cadeira Gamer Drakon, Até 140kg, Com Almofadas, Reclinável, Preto e Cinza - CH31BKGY;R$ ----
816;Braços para Cadeiras Husky Gaming, Snow 2 lados - HAC-BS;R$ ----
817;Cadeira Gamer Noblechairs EPIC Leather, Black - NBL-RL-BLA-001;R$ ----
818;Cadeira Gamer Motospeed Hyrax, Até 150kg, Design ergonômico, Pistão Classe 4, Rosa - HCD300P;R$ ----
819;Cadeira Gamer Elements Lunari, Até 120kg, Com Almofada, Descanso de Braço 4D, Cilindro de Gás Classe 4, Knit Special, Cinza - 70044;R$ ----
820;Cadeira Gamer Husky Gaming Blizzard 900 S.E., Azul e Branco, Com Almofadas, Reclinável com Sistema Frog, Descanso de Braço 3D - HGMA094;R$ ----
821;Descanso de Braço para Cadeira Husky Gaming Storm, Tactical - PREP074;R$ ----
822;Cadeira Gamer Alpha Gamer Nimbus,  Até 125 kg, Apoio de Braço 4D, Reclinável, Preto e Cinza- AGNIMBUSBK;R$ ----
823;Cadeira Gamer DT3 Sports Nero, Até 125 Kg, Com Almofada, Reclinável, Apoio de Braço 3D, Preto - 13367-0;R$ ----
824;Cadeira Gamer PCTop Strike 1005, até 120Kg, com Almofadas, Reclinável, Preto e Preto - 1005;R$ ----
825;Cadeira Gamer Alpha Gamer Nebula Fabric, Até 150 kg, Apoio de Braço 4D, Reclinável, Cinza e Laranja - AGNEBULA-GRY-O;R$ ----
826;Cadeira Gamer Alpha Gamer Kappa, Até 150 kg, Apoio de Braço Acolchoado, Cilindro de Gás Classe 4, Preto e Verde - AGKAPPA-BK-GRN;R$ ----
827;Cadeira Gamer Sharkoon Elbrus 1, Black Green;R$ ----
828;Cadeira Gamer Corsair T2 Road Warrior, Até 136Kg, Apoio de Braços 4D, Almofadas, Reclinável, Cilindro de Gás Classe 4, Preto e Vermelho - CF-9010008-WW;R$ ----
829;Cadeira Gamer Husky Gaming Tactical, Digital Marpat, Preto, Com Almofadas, Reclinável, Descanso de Braço 2D - HTT-DW;R$ ----
830;Cadeira Gamer Corsair T2 Road Warrior, Até 136Kg, Apoio de Braços 4D, com Almofadas, Reclinável, Preto - CF-9010006-WW;R$ ----
831;Cadeira Gamer ThunderX3 TGC12 EVO, Até 125Kg, com Almofadas, Cilindro de Gás, Preto - 76418;R$ ----
832;Cadeira Gamer Mymax MX5, Até 150kg, Com Almofadas, Reclinável, Descanso de Braço 2D, Preto e Verde - MGCH-MX5/GR;R$ ----
833;Cadeira Gamer Boxbit Palmeiras Fanático Peso suportado: 120Kg, Base Rodízio;R$ ----
834;Cadeira Gamer Raven X-10, Até 150kg, com Almofadas, Descanso  de Braço 2D, Preto - CDRVX10TP;R$ ----
835;Cadeira Gamer XT Racer Viking Series, Até 120Kg, Com Almofadas, Reclinável, Descanso de Braço 3D, Preto e Branco - XTR-021;R$ ----
836;Cadeira Gamer Husky Gaming Tactical, Digital Marpat, Com Almofadas, Reclinável, Descanso de Braço 2D - HTT-DM;R$ ----
837;Cadeira Gamer Drakon, Suporta até 140kg, Com Almofadas, Reclinável, Preta - CH31BK;R$ ----
838;Cadeira Gamer Husky Gaming Hailstorm 900, Preto e Amarelo, Com Almofadas, Reclinável com Sistema Frog, Descanso de Braço 3D - HGMA091;R$ ----
839;Rodízios para Cadeiras Husky Gaming Storm, Blizzard e Hailstorm KIT C/ 5 Branco - HAC-RSBHW;R$ ----
840;Cadeira Gamer Pctop Strike, com Almofadas, Encosto Ajustável, Preto/Vermelho - 1005;R$ ----
841;Cadeira Gamer Dt3 Estelar 13632-5, Preta, Com RGB, Pistao Classe 4, Ate 120kg;R$ ----
842;Cadeira Gamer Mymax MX5, Até 150kg, Com Almofadas, Reclinável, Descanso de Braço 2D, Branco e Azul Marinho - MGCH-MX5/BLMR;R$ ----
843;Cadeira Gamer Elements Lunari, Até 120kg, Com Almofada, Descanso de Braço 4D, Cilindro de Gás Classe 4, Knit Special, Preto - 70043;R$ ----
844;Cadeira Gamer Raven X-30, Até 200Kg, com Almofadas, Descanso de Braço 4D, Reclinável, Trava de Inclinação, Preto e Amarelo - CDRV30PM;R$ ----
845;Cadeira Gamer ThunderX3 BC3 Black - 67991;R$ ----
846;Cadeira Gamer Elements Magna, Até 130kg, Descanso de Braço 3D, Cilindro de Gás Classe 4, Knit, Cinza Claro - 70005;R$ ----
847;Cadeira Gamer Husky Gaming Polar, Preto e Vermelho, Cilindro de Gás Classe 3, Base em Nylon, Roda em Nylon - HPO-BR;R$ ----
848;Cadeira Gamer XT Racer Viking Series, Até 120 Kg, Com Almofadas, Reclinável, Descanso de Braço 3D, Preto - XTR-014;R$ ----
849;Cadeira Gamer DT3sports Romeo, Grey - 11207-1;R$ ----
850;Cadeira Gamer Fortrek Black Hawk Black - 70508;R$ ----
851;Cadeira Gamer Husky Gaming Tempest 500 Black e Purple, Com Almofadas, Descanso Para Pernas Retrátil, Reclinável - Special Edition;R$ ----
852;Braços para Cadeiras Husky, 2 lados Polar - HAC-BP;R$ ----
853;Cadeira Gamer DT3sports Mizano, Até 140kg, com Braço 3D, Inclinação e Almofadas, Preto - 10226-1;R$ ----
854;Cadeira Gamer DT3sports Elise, Até 150kg, com Almofadas, Reclinável, Preto e Cinza - 10633-3;R$ ----
855;Descanso de Braço para Cadeira Husky Gaming Storm, Blizzard - PREP071;R$ ----
856;Cadeira Gamer Noblechairs Epic Compact, Até 120Kg, com Almofadas, Braços 3D, Ajuste de Profundidade, Preto e Vermelho - NBL-ECC-PU-RED;R$ ----
857;Cadeira Gamer DT3sports Elise, Até 130Kg, Reclinável, Preto - 11833-6;R$ ----
858;Cadeira Gamer Corsair TC70 Remix,  Até 120Kg, Apoio de Braços 3D, Reclinável, Cilindro de Gás Classe 4, Preto - CF-9010038-WW;R$ ----
859;Cadeira Gamer DT3sports Elise, Até 150kg, com Almofadas, Reclinável, Preto e Vermelho - 10637-7;R$ ----
860;Cadeira Gamer DT3sports Mizano Fabric, Red - 11361-2;R$ ----
861;Cadeira Gamer  DT3 Nero,  Até 140kg, com Almofada, Reclinável, Braço 4D, Cilindro de Gás Classe 4, Grafite - 13748-3;R$ ----
862;Cadeira Gamer Alpha Gamer Kappa, Até 150 kg, Apoio de Braço Acolchoado, Cilindro de Gás Classe 4, Preto - AGKAPPA-BK;R$ ----
863;Cadeira Gamer DT3sports Modena, Black Grey - 10326-2;R$ ----
864;Cadeira Gamer Dazz Elite, 100 Kg, Mecanismo de Ajuste Butterfly, Black - 624761;R$ ----
865;Cadeira Gamer Dazz Dark Shadow, Black - 625165;R$ ----
866;Cadeira Gamer Sharkoon Elbrus 1, Black Pink;R$ ----
867;Cadeira Gamer Multi Tongea Black - GA182;R$ ----
868;Cadeira Gamer Multi Tongea Green - GA160;R$ ----
869;Cadeira Gamer ThunderX3 EC1 Black - 67995;R$ ----
870;Cadeira Gamer ThunderX3 EC1 Black/Red - 67996;R$ ----
871;Cadeira Gamer Elements Gaming Elemental Ignis Black/Red - 63593;R$ ----
872;Cadeira Gamer Vertagear S-Line SL5000 Racing Series, Black/Blue Rev.2 - VG-SL5000-BL;R$ ----
873;Cadeira Gamer Pctop Super 1015, Vermelha;R$ ----
874;Cadeira Gamer Max Racer Storm Target, Até 110Kg, Preta - TGT-06;R$ ----
875;Cadeira Gamer AKRacing Premium V2, Black Silver - 10047-2;R$ ----
876;Cadeira Gamer Husky Gaming Racing, Vermelho, Com Almofadas, Reclinável, Descanso de Braço 3D - HRC-R;R$ ----
877;Braços para Cadeiras Husky, 2 lados Frost - HAC-BF;R$ ----
878;Cadeira Gamer Husky Gaming Blizzard 900 S.E., Rosa e Preto, Com Almofadas, Reclinável com Sistema Frog, Descanso de Braço 3D - HGMA093;R$ ----
879;Cadeira DT3office Zodiac V2, Reclinável, Assento Deslizável, Rosé - 12997-8;R$ ----
